state_id,state_name,number_of_deaths_among_cancer_patients_2003_07,percent_of_cancer_patients_dying_in_hospital_2003_07,percent_of_cancer_patients_dying_in_hospital_2003_07_2,percent_of_cancer_patients_dying_in_hospital_2003_07_3,percent_of_cancer_patients_admitted_to_hospital_during_the_last_month_of_life_deaths_2003_07,percent_of_cancer_patients_admitted_to_hospital_during_the_last_month_of_life_deaths_2003_07_2,percent_of_cancer_patients_admitted_to_hospital_during_the_last_month_of_life_deaths_2003_07_3,hospital_days_per_cancer_patient_during_the_last_month_of_life_deaths_2003_07,hospital_days_per_cancer_patient_during_the_last_month_of_life_deaths_2003_07_2,hospital_days_per_cancer_patient_during_the_last_month_of_life_deaths_2003_07_3,percent_of_cancer_patients_admitted_to_intensive_care_during_the_last_month_of_life_deaths_2003_07,percent_of_cancer_patients_admitted_to_intensive_care_during_the_last_month_of_life_deaths_2003_07_2,percent_of_cancer_patients_admitted_to_intensive_care_during_the_last_month_of_life_deaths_2003_07_3,icu_days_per_cancer_patient_during_the_last_month_of_life_deaths_2003_07,icu_days_per_cancer_patient_during_the_last_month_of_life_deaths_2003_07_2,icu_days_per_cancer_patient_during_the_last_month_of_life_deaths_2003_07_3,percent_of_cancer_patients_receiving_life_sustaining_treatment_during_the_last_month_of_life_deaths_2003_07,percent_of_cancer_patients_receiving_life_sustaining_treatment_during_the_last_month_of_life_deaths_2003_07_2,percent_of_cancer_patients_receiving_life_sustaining_treatment_during_the_last_month_of_life_deaths_2003_07_3,percent_of_cancer_patients_receiving_chemotherapy_during_the_last_two_weeks_of_life_deaths_2003_07,percent_of_cancer_patients_receiving_chemotherapy_during_the_last_two_weeks_of_life_deaths_2003_07_2,percent_of_cancer_patients_receiving_chemotherapy_during_the_last_two_weeks_of_life_deaths_2003_07_3,percent_of_cancer_patients_enrolled_in_hospice_during_the_last_month_of_life_deaths_2003_07,percent_of_cancer_patients_enrolled_in_hospice_during_the_last_month_of_life_deaths_2003_07_2,percent_of_cancer_patients_enrolled_in_hospice_during_the_last_month_of_life_deaths_2003_07_3,hospice_days_per_cancer_patient_during_the_last_month_of_life_deaths_2003_07,hospice_days_per_cancer_patient_during_the_last_month_of_life_deaths_2003_07_2,hospice_days_per_cancer_patient_during_the_last_month_of_life_deaths_2003_07_3,percent_of_cancer_patients_enrolled_in_hospice_during_the_last_three_days_of_life_deaths_2003_07,percent_of_cancer_patients_enrolled_in_hospice_during_the_last_three_days_of_life_deaths_2003_07_2,percent_of_cancer_patients_enrolled_in_hospice_during_the_last_three_days_of_life_deaths_2003_07_3,percent_of_cancer_patients_seeing_ten_or_more_physicians_during_the_last_six_months_of_life_deaths_2003_07,percent_of_cancer_patients_seeing_ten_or_more_physicians_during_the_last_six_months_of_life_deaths_2003_07_2,percent_of_cancer_patients_seeing_ten_or_more_physicians_during_the_last_six_months_of_life_deaths_2003_07_3
State ID,State Name,Number of deaths among cancer patients (2003-07),Point estimate,Lower conf. limit,Upper conf. limit,Point estimate,Lower conf. limit,Upper conf. limit,Point estimate,Lower conf. limit,Upper conf. limit,Point estimate,Lower conf. limit,Upper conf. limit,Point estimate,Lower conf. limit,Upper conf. limit,Point estimate,Lower conf. limit,Upper conf. limit,Point estimate,Lower conf. limit,Upper conf. limit,Point estimate,Lower conf. limit,Upper conf. limit,Point estimate,Lower conf. limit,Upper conf. limit,Point estimate,Lower conf. limit,Upper conf. limit,Point estimate,Lower conf. limit,Upper conf. limit
1,Alabama,4393,32.0753643846239,30.4179234246411,33.8231175759013,61.7105798859575,59.385793922591,64.1263746482046,5.19253095475355,5.00738846956531,5.37767343994179,22.9803514298504,21.5903848905877,24.4598025702474,1.17287467503912,1.07069373751482,1.27505561256341,8.28591049977951,7.48099423862449,9.1774315846793,6.5279836551285,5.80348968359818,7.34292174621454,58.0575766544145,55.7864039462097,60.4212132087469,10.78546923237,10.4435243580378,11.1274141067021,5.44069959576531,4.77820251933941,6.19505179438338,36.8253585686289,35.0499967311664,38.6906465101675
2,Alaska,313,32.4556998866712,26.7230359005544,39.4181431725657,58.0895931862972,50.2857980281353,67.1044503392688,4.76326436069691,4.08343782430067,5.44309089709314,17.8565113036268,13.7383617941883,23.2090987785339,0.724881506210739,0.349682303433239,1.10008070898824,,,,4.75516152992638,2.91147860086534,7.76634977463728,24.4022462314124,19.5152577947928,30.5130286978514,4.62633374930735,3.3707429576025,5.8819245410122,3.70639773258766,2.10420408214265,6.52854172687592,26.2904197712555,21.0537248439271,32.8296383121106
3,Arizona,3131,19.1286770990061,17.6395237660219,20.743546844664,59.0029094012157,56.3455305122723,61.7856161111095,4.46080827453305,4.24322059621024,4.67839595285587,28.4737586684029,26.6274821604059,30.448050920564,1.31428527634071,1.19419769653883,1.43437285614259,9.18973443867563,8.14618418470702,10.3669665623228,5.50079561137309,4.73930944418693,6.38463318642671,70.1267024190545,67.2167624823406,73.1626191229105,11.5410142875428,11.139145471508,11.9428831035775,11.8120355873596,10.6596036858452,13.089059296109,49.2387572089156,46.7614797086936,51.8472731526457
4,Arkansas,3062,30.8448579208119,28.920689802215,32.8970459094031,62.8274707454917,60.0497978104037,65.7336281587236,5.31781902260735,5.09771996954195,5.53791807567275,21.3975104894884,19.8080456917156,23.1145193359109,0.92068873422067,0.799215115847407,1.04216235259393,8.49742247155004,7.51800120792227,9.60443961939173,6.96237406349349,6.08744671160783,7.9630516530967,51.382033233717,48.8674528089676,54.0260068301803,9.11202675974041,8.70551961490781,9.518533904573,6.52032492672846,5.66609481825731,7.50334022175656,32.937020230415,30.9331356021613,35.0707188437428
5,California,16178,33.6142878044455,32.6561217388268,34.6005675026825,63.3621696957277,62.0674919111783,64.6838534138858,5.43593254682728,5.33538295893505,5.5364821347195,31.1297454183855,30.19826605168,32.0899566933772,1.70665555958019,1.65116180757582,1.76214931158455,11.8494327148563,11.2715398297912,12.4569542213567,6.13524361057436,5.7355037695469,6.56284359204024,47.0087671541353,45.9134574948664,48.130206478107,7.42997527299003,7.24426740501474,7.61568314096533,7.69379666532914,7.25457191205761,8.15961408130014,44.4375287604266,43.3277565949184,45.5757259900536
6,Colorado,1995,19.1131120419648,17.2640547157613,21.1602116619327,57.6511704476408,54.3936134563497,61.1038179445485,3.95402922469284,3.68300990102821,4.22504854835748,19.0385544024822,17.1874455697273,21.0890299123156,0.732039241368009,0.582462505638767,0.881615977097251,6.61397599429373,5.53702977937393,7.90038706601284,6.34660201029868,5.32539085512925,7.5636433405318,66.8163633959755,63.313822112054,70.5126664057942,11.3155212044522,10.8149679766078,11.8160744322966,10.7964694447795,9.44453400376373,12.3419273439648,40.4474858863746,37.6724631318459,43.4269219085254
7,Connecticut,3835,33.3052245643249,31.4733211016948,35.2437538986115,63.4934251646322,60.9748349194822,66.1160467996389,5.56956096433526,5.37250211599265,5.76661981267786,20.1821331732803,18.7746224639025,21.6951632559942,0.841671933828759,0.73291430399229,0.950429563665228,9.62693520756005,8.64615984158296,10.7189646257559,6.62830162547093,5.83112202306037,7.53446459608854,47.7748138890966,45.6183522494767,50.033215352797,6.98956409865208,6.62561055733473,7.35351763996943,9.65204226818645,8.70324427864006,10.704274976574,53.5766412884248,51.2302272121948,56.0305243203228
8,Delaware,869,26.2817314808784,23.0698833859392,29.940741271973,55.2616370625404,50.4921175609648,60.4816885951493,4.83730009228672,4.42800982285104,5.24659036172241,21.1841035893141,18.3299657550157,24.4826559351314,1.08587813573379,0.859989067603406,1.31176720386418,10.5962739551842,8.63720041976008,12.9997008609919,5.27027132122109,3.93038218066043,7.06693612034906,62.0471857084153,56.9879747893265,67.5555372614441,10.8969480089877,10.141018274085,11.6528777438905,7.11784652025724,5.53311705704123,9.15645531508599,53.3913341725535,48.7943534949283,58.4214024891543
9,District of Columbia,414,35.4981337289868,30.3352221309975,41.5397485075082,63.7596859406341,56.5357467392541,71.9066747273661,6.63946128077381,6.04550958040447,7.23341298114315,24.8336500147868,20.5740659192798,29.9751238027776,1.27781718671924,0.95001267698614,1.60562169645233,11.9488887900472,9.36427724142845,15.2468727308993,4.53273082068898,2.72743704018528,7.53295067497801,48.4159134753486,41.9533152694555,55.8740271798993,7.63780450923245,6.54081837265933,8.73479064580556,9.9065405733139,7.06430577188676,13.8923128895797,55.7377973630401,49.0338411359535,63.3583252486693
10,Florida,16909,23.1851724708634,22.4214332450892,23.9749268758908,60.790642178635,59.5370191042894,62.0706617846878,5.20925953874069,5.1096447565376,5.30887432094378,30.4913461279845,29.5818259326915,31.4288303504991,1.78099961309776,1.72602178439227,1.83597744180326,9.72931612427003,9.22325129114381,10.2631479136726,6.97133102026895,6.54543524261439,7.42493881503173,67.4853261426468,66.1465278187356,68.8512215948762,10.6768414708931,10.4928601218936,10.8608228198926,12.1983341412378,11.6268753059162,12.7978800757908,54.6845026468353,53.4496086028223,55.9479275508453
11,Georgia,6105,26.4696638015154,25.1910225427552,27.8132060965804,60.694621215355,58.7231769685809,62.7322504442566,4.97754132126956,4.81919034142159,5.13589230111753,23.2861262359743,22.0844978322694,24.5531358329287,1.0814429893897,0.994048399421294,1.1688375793581,8.80677473165584,8.0938980857443,9.58243856699112,6.72002815467947,6.08474129419914,7.421643126017,62.1741677132375,60.1495396621242,64.2669445609729,10.5388255301844,10.2463626422122,10.8312884181565,8.84476764646379,8.09844673407366,9.65986655080233,41.7844750356163,40.1443389700659,43.4916204574678
12,Hawaii,600,41.038149588528,36.1840844024882,46.5433836301408,60.5009214107699,54.5981173127424,67.0418994593772,6.10629707460743,5.61481069368689,6.59778345552797,20.7776013510679,17.4054784569731,24.8030365250285,0.761162176666729,0.489908719461428,1.03241563387203,11.8649782441637,9.33179393418448,15.0858141239893,4.02274419658207,2.73706344703875,5.91234773481143,38.7069855132345,34.0641712641645,43.9825973132623,6.96458550619801,6.056845456209,7.87232555618703,4.68725933658862,3.25575358452492,6.74817657972204,36.3763340554664,31.7331782922602,41.6988700951404
13,Idaho,913,26.6121350760484,23.4629412286955,30.1840134364612,57.6029360612188,52.9074492705952,62.7151429263286,4.13979997912947,3.74075995785571,4.53884000040324,16.8135849445237,14.3431158758543,19.7095694640949,0.578999854191298,0.358767942309926,0.799231766072669,5.14625190832751,3.82720642669192,6.91990599703715,5.35635990926866,4.0663066134833,7.05568817228062,50.6897863924837,46.2764405938475,55.5240293234057,9.14424393182506,8.40724566916673,9.88124219448338,6.22625498432142,4.82039249991852,8.04213580749754,25.4464673024468,22.275154314202,29.0692800166889
14,Illinois,11876,27.3948779946427,26.419458414184,28.4063105524694,64.7101234933158,63.2010517406845,66.2552278354668,5.39343100101445,5.27745854700407,5.50940345502482,28.3870020424469,27.3805124134552,29.4304895682629,1.39295146853776,1.32894577008489,1.45695716699063,10.4942298549025,9.88793634089721,11.1376991569035,6.53321857463168,6.05705470985707,7.04681515827345,55.9490070705739,54.5522527834012,57.3815238137258,8.54138534097341,8.3271925468546,8.75557813509223,10.2555299886313,9.658528389770069,10.8894327482761,46.3735245817303,45.0833970906051,47.7005709620867
15,Indiana,6258,26.5100775797152,25.2272214944298,27.8581695347502,61.3932060897507,59.4224506001028,63.4293220140619,4.80722245457769,4.65089117221823,4.96355373693715,23.3960440217852,22.1910088286224,24.6665160694856,1.03858891181707,0.952309001619126,1.12486882201502,8.78424918881521,8.0518107221467,9.58331442130923,6.18537908300568,5.58578686847337,6.84933301276147,53.5132923205462,51.6838999604599,55.4074374645691,8.86360851989287,8.57487586813959,9.15234117164615,7.91622274100767,7.2316511311212,8.66559812538014,40.9330811328802,39.330660569876,42.6007879540741
16,Iowa,2948,21.6440744578144,20.0071762476723,23.4148964019805,54.7920481352989,52.1660694340004,57.5502155219727,4.1980606119362,3.97420114812137,4.42192007575103,14.9170085340545,13.5686381986289,16.3993718711979,0.556070699656673,0.432521694343115,0.679619704970231,5.26354027230528,4.46763838113332,6.20123068043649,5.0712336156721,4.32017284868199,5.95286607399716,65.32289936433,62.4428736449159,68.3357592673796,11.6033120514618,11.1898596980249,12.0167644048987,9.13803185586504,8.10835074341782,10.2984723825114,34.8832272295111,32.747821693489,37.1578773493701
17,Kansas,2474,25.3727440449418,23.4331037062275,27.4729352304724,59.3336018946486,56.3482343514984,62.477136228121,4.78068893178675,4.53666153838755,5.02471632518596,20.5373372112361,18.7995466636048,22.4357654615457,0.845306575533934,0.710626802742773,0.979986348325095,7.38794499228947,6.35135600519066,8.59371308496768,6.79648046131069,5.82904378549109,7.92448098879504,56.8847805403727,53.9706819249097,59.9562232996889,10.088419940007,9.63771886896617,10.5391210110479,6.8726783997706,5.91347802434448,7.98746662999722,34.0786534855307,31.79547706768,36.5257807239315
18,Kentucky,4212,31.5065155784652,29.8181672906812,33.2904606181581,62.8122722859536,60.4040733588424,65.3164816598782,5.27757065204223,5.08833645431702,5.46680484976743,23.5655251039601,22.1184994923559,25.1072173145061,1.06821944983917,0.963780278486581,1.17265862119177,9.02998686166963,8.14372788239036,10.0126949106743,5.48398369509689,4.81785306808223,6.24221551448428,50.752715900067,48.5995996136636,53.0012220616881,8.82047227645583,8.47097030290987,9.16997425000179,5.87614420570994,5.17957078553939,6.66639614670363,38.7289413258024,36.8771747620766,40.673693304725
19,Louisiana,3711,29.0165687498756,27.3202458814095,30.8182168517445,62.5371942986576,59.9921453062203,65.1902119983456,5.23572822014907,5.03448705324376,5.43696938705438,20.4894388968381,19.0766855790145,22.0068158364515,0.895861202564478,0.784795333042627,1.00692707208633,8.02119675126301,7.18117127825902,8.95948513542077,4.53702424531988,3.88581381203974,5.29736883914549,55.8075639960118,53.3828461853253,58.3424156208648,9.43373543772911,9.0620574543752,9.80541342108302,7.27511737516433,6.42535153946134,8.23726647442779,41.7297019889483,39.69611056955,43.8674722309495
20,Maine,1551,31.0279813480175,28.340192901,33.9706800830897,61.0004341326079,57.2226207381987,65.0276571810817,4.69967395735282,4.39259775203262,5.00675016267301,14.7630276456182,12.9508592906932,16.8287663677969,0.536417495664228,0.366940811157575,0.705894180170881,5.65350599767812,4.54295518492424,7.03553717013291,4.6589874442642,3.70474239724895,5.85902113516175,39.8480117761004,36.8319317672805,43.1110714621493,7.24726410765166,6.68011640877604,7.81441180652729,4.05869266337781,3.18012637122341,5.17997847029571,33.1826980687829,30.3480916357676,36.2820655855107
21,Maryland,4782,30.679910551982,29.1098301700297,32.3346754680382,64.8227569662319,62.5212442660147,67.2089922398951,5.59081204965636,5.41305383650373,5.76857026280898,25.1873130416469,23.7704850875476,26.6885903220483,1.04395504821654,0.945849522334073,1.14206057409901,10.7831363483063,9.8788508593938,11.7701978864877,7.18572430216777,6.42282068046175,8.0392457326167,52.3509021862888,50.2913840302704,54.4947611318232,8.25540598035558,7.92709932617955,8.5837126345316,8.03557629051656,7.2420912698397,8.91600007716295,52.6096651622246,50.5382487541779,54.7659829279814
22,Massachusetts,5706,30.9896689434284,29.5192202398103,32.5333654961565,62.2327338694406,60.1633474983332,64.3732991248853,5.24957156182187,5.08672063533517,5.41242248830857,18.3077133895017,17.1939988348856,19.4935670736522,0.721454660375072,0.631576530413744,0.811332790336401,8.98109637664797,8.18622928085839,9.85314353645632,4.50374612772176,3.96201064796962,5.1195544346564,48.4922525732772,46.6950126265083,50.3586663192289,7.73626679038071,7.43549282412572,8.03704075663569,7.53987236072192,6.84881879020711,8.30065401894788,56.2857951805878,54.2768702783055,58.3690754987649
23,Michigan,9907,24.7356255212529,23.7356725206374,25.7777052407373,63.5403947299536,61.9137596089224,65.2097657764671,5.23822983080656,5.11188151514816,5.36457814646495,24.3065354096927,23.3081423417801,25.3476941645245,1.05738208075806,0.987649899430448,1.12711426208568,10.7839586418551,10.1202617003182,11.4911814963822,6.01860610075658,5.5269600468649,6.55398611332675,61.7330295490606,60.1252960891821,63.3837533482161,9.26415650855295,9.03080024310168,9.49751277400422,12.1167575303698,11.4039177219836,12.8741557619933,50.3436173963711,48.8856798249071,51.8450356347686
24,Minnesota,3504,22.8780931217102,21.3202537012708,24.5497615656631,55.3978217256985,52.9714112385416,57.9353764643399,4.04606693766422,3.84035639092186,4.25177748440658,16.6361495575448,15.3153421259329,18.070864485121,0.503143673088683,0.389611133523821,0.616676212653545,4.33679063316313,3.66861027577342,5.12666966019615,4.69096882084409,4.01639832954884,5.47883617923008,55.015626235207,52.597524508418,57.544896995439,10.1497926353025,9.76986002835334,10.5297252422517,6.71854448229781,5.91616419440599,7.62974766712783,41.5936086844538,39.4096381598303,43.898608669766
25,Mississippi,2895,36.8676303246862,34.7134571400127,39.1554825633026,63.3782707278555,60.5111993072199,66.3811863992272,5.77552962579888,5.54874236849206,6.00231688310571,18.643106976507,17.1422658828663,20.2753498348707,0.875155275589549,0.749990408397584,1.00032014278151,8.45595210129786,7.49583718706711,9.53904469307459,6.83059538116132,5.92725876284196,7.87160391134528,51.7814768270046,49.1581898587021,54.5447533786878,9.82894710876888,9.41008733100864,10.2478068865291,4.93836202176618,4.16855905031649,5.85032361630357,35.68574067848,33.5624804691772,37.9433245090822
26,Missouri,5496,28.7708315040831,27.3521547127326,30.2630909385362,61.285749212422,59.20050118972,63.4444469395826,5.03775804699282,4.87165470349755,5.2038613904881,23.1989487030779,21.9290461422821,24.5423908288621,1.04072779677078,0.949054643809633,1.13240094973192,7.49514328320522,6.78453312642117,8.28018255478836,5.14806761585091,4.56858385838606,5.80105367415438,53.7285097253216,51.7778841262235,55.7526211435501,9.39531731886048,9.08853637195953,9.70209826576143,7.56836882304277,6.86004561090874,8.34982883357505,38.6977980175275,37.0454365062503,40.4238608756221
27,Montana,938,25.6638328428509,22.6148939257561,29.1238295588765,57.6942240211315,53.0523407024126,62.7422549378512,4.07647251470981,3.6826893672806,4.47025566213902,16.6251077160628,14.203766789124,19.4592188589247,0.568672785065973,0.351342164572894,0.786003405559051,5.42585135957397,4.0860069948508,7.20504468379297,6.82697228457235,5.38501842541301,8.65504013029341,48.1694999685328,43.922934701003,52.8266324418777,8.8678073374713,8.14051814328707,9.59509653165553,5.23870170466792,3.97848539101231,6.89810137608863,24.2673632960875,21.2165188540426,27.7569060879224
28,Nebraska,1643,26.5604379480223,24.1532034579291,29.2075900084862,60.6343356907335,56.9651695168757,64.5398354088528,4.67455081065389,4.37625236141959,4.97284925988818,18.9442538195581,16.9286097262868,21.1998952414009,0.878611815810354,0.713979612813739,1.04324401880697,6.880601500523,5.68225281268302,8.3316738219265,6.21886944637148,5.1193049361171,7.55460705576695,49.776617570609,46.4735053927803,53.3144989995865,8.08819632735013,7.53726051359995,8.6391321411003,6.74834806789492,5.60648594439362,8.12277103646366,37.6801224030437,34.7658691931684,40.8386632423777
29,Nevada,1340,28.9185392331111,26.1627737768427,31.9645737302212,62.0102150898433,57.9042419318848,66.407341624677,5.09560557831164,4.76543363737931,5.42577751924397,30.4351835077508,27.601168430301,33.5601877684845,1.57079682261363,1.38857350183243,1.75302014339484,13.1904066539561,11.3528375317468,15.3254045264188,6.48736936777277,5.27431056060259,7.97942419778714,54.9086349163284,51.0600913901043,59.0472540548362,8.58465689674671,7.97485303279113,9.19446076070228,10.588056372719,8.97600036578039,12.4896315935175,50.4824811132302,46.8007479462456,54.4538498033146
30,New Hampshire,1224,25.9387826415082,23.2060849386618,28.9932768367349,57.9858537398654,53.852420123403,62.4365483712005,4.37869510952233,4.03353341623857,4.7238568028061,15.2096448605012,13.1513721060944,17.5900502940959,0.543306839657371,0.352810609786876,0.733803069527866,7.3903958126287,5.96201290286843,9.16099162432912,4.39805277515919,3.38075629123123,5.72146187030862,50.1149828776709,46.3075243435798,54.2354950827219,8.43972743110548,7.80223857102992,9.07721629118105,7.25975273295969,5.90572598126693,8.92422200266213,43.1280748423286,39.5260370370599,47.0583690912781
31,New Jersey,8949,35.7208809203299,34.4177079721587,37.0733964840587,65.3765387782582,63.6305431880598,67.1704437598944,6.41349193872017,6.28104196239881,6.54594191504153,29.2699112340039,28.0953126948392,30.4936169585271,1.62454521340688,1.5514454991958,1.69764492761795,12.2445443181092,11.4817960903825,13.0579627418854,8.41539603830826,7.77439616066418,9.10924643123978,50.5643294990078,49.0630418045206,52.1115553306085,7.54190135969537,7.29727576518388,7.78652695420686,9.5611348692733,8.90723453690753,10.2630395112703,61.9580202096698,60.2512983983298,63.7130878561824
32,New Mexico,1094,28.3184306792687,25.313950362021,31.6795089137768,59.6781021451177,55.268802921658,64.4391716008648,4.82609031239214,4.46140841984563,5.19077220493865,22.2412104842197,19.5877878775933,25.2540739615229,1.05085269753448,0.849583185349549,1.2521222097194,7.8269313923833,6.29014592591321,9.73917866812943,4.74397911108894,3.63840725044188,6.18549168835207,56.3343791011124,52.0633834911007,60.9557438626766,9.78255990981546,9.10901864352394,10.456101176107,7.8699750054816,6.38077612135183,9.70673557714219,35.3280990716084,31.8913365909506,39.1352234627735
33,New York,15697,38.7945531127049,37.7300683220312,39.8890703925834,63.164101797982,61.8417730008196,64.5147052283406,6.37964521116602,6.27719802114081,6.48209240119123,18.755798403529,18.0440730188078,19.4955968858667,0.887250580959724,0.830709534139159,0.943791627780288,12.1346690308672,11.5390223525551,12.761063111736,6.08195144267005,5.66892383358035,6.5250715015577,41.4443044220221,40.4039014876127,42.5114977956236,6.80910417574527,6.61989157290464,6.99831677858591,6.43825083866834,6.03122662863938,6.87274354188293,56.6665520923927,55.3731847961987,57.9901289380106
34,North Carolina,7505,30.7492687181705,29.4873975071509,32.0651399118205,59.2329035963535,57.4731077651872,61.0465834349768,5.11086214729412,4.96761953252024,5.25410476206801,21.1533421419938,20.1154703715806,22.2447636326932,0.90723041800155,0.828174199996553,0.986286636006548,7.8505617718491,7.23610412795608,8.51719641450585,5.22285880668415,4.72048844942359,5.7786931176347,54.7899754584573,53.0812901017419,56.5536633526518,10.3604560620878,10.0958972394164,10.6250148847593,6.03337589408654,5.48638007435821,6.6349075685579,39.4668758122579,38.0107609122583,40.9787715109343
35,North Dakota,664,26.3179890809527,22.64570907279,30.5857744192865,58.3001139177338,52.7514036507872,64.4324709408944,4.30277738336846,3.83526815824309,4.77028660849384,12.013437571702,9.61919923057932,15.0036067275103,0.327629357516212,0.0696089961928471,0.585649718839577,5.11048292280946,3.59199886683601,7.27089196643655,5.67989826294043,4.111600454946,7.84639573588564,42.8792967347606,38.1928813144702,48.1407535956458,7.36362337498619,6.50016740985692,8.22707934011546,5.00623044085298,3.57498745346808,7.01047026126207,34.9860789250526,30.6974462237202,39.873861481161
36,Ohio,10733,23.9344270736411,22.9844371254699,24.9236818903275,60.6573834578135,59.1273895363585,62.2269678536332,4.88310914405324,4.7614249237202,5.00479336438628,24.4106716623626,23.442142568873,25.4192162366122,1.10838916479944,1.04123111783414,1.17554721176474,9.54832211061274,8.94556338576506,10.1916951673602,5.15237876486901,4.71816334574793,5.62655529096881,60.8944510059242,59.3602520103613,62.4683022347286,9.89932921046292,9.67458719413054,10.1240712267953,10.1185619808091,9.4988583163496,10.7786949915074,47.4266983614202,46.0645971481286,48.8290760523131
37,Oklahoma,3395,32.2301178345392,30.3417982109159,34.2359568937667,61.4601409299238,58.8330343632379,64.2045572527259,5.20878265384906,4.99917660769194,5.41838870000618,19.7378309043501,18.2794882311504,21.3125205630662,0.869232766335926,0.753550283812696,0.984915248859155,8.94724722467603,7.96914923184253,10.0453926222892,6.68741344717276,5.86881462385959,7.62019274413821,53.67871038891,51.2313515420553,56.2429813441709,10.2356641445862,9.84853682996906,10.6227914592033,5.68992259723563,4.93683624946951,6.55788799274262,30.3720486323875,28.554530376268,32.3052533511382
38,Oregon,1971,22.9259968445407,20.8982217724625,25.1505289320106,55.5411553670793,52.3533724232071,58.9230415678554,3.86981311047684,3.59710200430875,4.14252421664492,16.8840000035348,15.1544518651614,18.8109381095275,0.58225038001223,0.431739942209616,0.732760817814843,6.3034618801037,5.25335112285727,7.56348295491612,3.73944971701866,2.98704513450373,4.68137693153209,62.5721341619858,59.1563532915034,66.185147591711,11.0776192702328,10.5739414415981,11.5812970988675,7.78322497207166,6.65472648763134,9.10309252806603,25.7778511440985,23.5507973614378,28.2155036795208
39,Pennsylvania,11500,27.9138663920759,26.9026821268689,28.9630577828691,62.297867008684,60.7884475933267,63.84476635751,5.33138028879204,5.21346376593983,5.44929681164425,25.5744093836309,24.6032700157636,26.5838815288573,1.1878824382727,1.12280379982624,1.25296107671915,9.58937951827289,8.99233695055072,10.2260624853298,5.58451811046468,5.13548371933102,6.07281499281447,52.7278617998456,51.3587587121677,54.1334619390818,8.28990641195049,8.07212306229204,8.50768976160895,9.19213010454124,8.62352523432235,9.79822677650611,54.9423667907414,53.5003481663999,56.4232527829452
41,Rhode Island,729,29.7136754959531,25.9175925947801,34.0657608630141,64.1259559752858,58.5140865613711,70.2760390086817,5.32936318811011,4.88295935448835,5.77576702173187,17.8907231676967,15.0071795715611,21.3283231493888,0.74553736442162,0.499165159859596,0.991909568983644,9.73929608810694,7.60207624940751,12.4773660747231,6.40896309753678,4.73195634879349,8.68030154083333,55.1415113479016,50.0323430394535,60.7724141828232,7.80354122551898,6.97906540283566,8.6280170482023,11.810097380993,9.56226733680192,14.5863313831158,51.3781739812999,46.3444191618372,56.9586761338983
42,South Carolina,3856,34.8856947994433,33.0570950596266,36.815446107552,59.4625071943993,57.0477020513706,61.9795300196328,5.53290547050691,5.33586279107623,5.72994814993759,22.8038168805618,21.3406672896223,24.367282300262,1.1484506511423,1.03970194499819,1.25719935728642,8.09769537993983,7.26769893167117,9.02248030398539,6.62338052299708,5.8531101056473,7.49501867564227,54.4196574937764,52.0786641780008,56.865881037535,10.0487903954994,9.68486671700123,10.4127140739976,5.73605605447371,5.00882904907723,6.5688684396458,39.7609474774047,37.7904828849144,41.8341556818801
43,South Dakota,780,23.6573066817325,20.4667232964124,27.3452741471152,58.8178648181372,53.6834629377607,64.4433319395876,4.46751223668945,4.03608354484468,4.89894092853421,15.3761012304711,12.84249581751,18.4095437841095,0.480554667645182,0.242447308533286,0.718662026757079,4.10260751157302,2.86701753375516,5.87069600930203,2.85755718250985,1.8976449800725,4.30303514991602,47.1792783879906,42.5979975998129,52.2532615293939,8.63018375698191,7.83336594573684,9.42700156822698,6.22273364440672,4.71325100998158,8.21564858888826,35.260680907817,31.2556569665596,39.7788988858276
44,Tennessee,5346,32.3824530598871,30.8597686834073,33.9802698112776,63.3998663872191,61.2486800947681,65.6266070011292,5.34426527172285,5.17569719228218,5.51283335116353,23.7725430753912,22.4766143236827,25.1431908797702,1.17102941052836,1.07799595914951,1.26406286190721,8.42297028394827,7.67052849527891,9.24922297700114,6.21458219543724,5.57235879445871,6.93082288639619,50.2689477118189,48.3525097913267,52.2613431021291,8.70939573720305,8.39806260001332,9.02072887439278,6.41897484059879,5.75966804190174,7.15375221357995,41.6152038663929,39.8806259349697,43.4252259647429
45,Texas,14713,26.2459623780212,25.3820320692066,27.1392983536655,61.7268145478543,60.3878804796274,63.0954357722592,5.16629444730252,5.06064767206686,5.27194122253818,26.9371467534741,26.0476135286268,27.8570577846121,1.42554664179695,1.36723973007423,1.48385355351968,9.74196562799176,9.21499278593175,10.2990741828754,6.9807649362284,6.53649619823263,7.45522947111207,60.4276026839872,59.0953101352413,61.7899315153312,9.78591986557359,9.59079785862405,9.98104187252313,9.7164341903627,9.1872488534014,10.2761005913861,43.0750558769599,41.9491047271265,44.2312285535709
46,Utah,851,16.674713537885,14.1495880334393,19.6504711595437,51.4630988392852,46.8963217260321,56.4745900033324,3.35747468257946,2.94449076457986,3.77045860057907,20.145493646793,17.3266342287317,23.422951562052,0.691547229670108,0.463619620938066,0.919474838402151,5.8797230953216,4.41513866160918,7.83013769833858,4.61758502648175,3.40958527318396,6.25357331417535,68.269379504774,62.9338963002134,74.0572005224958,11.8301986252372,11.0674469866923,12.592950263782,9.8838462620345,8.00457881581248,12.2043169515119,30.6718589707762,27.0459561490079,34.7838666727149
47,Vermont,613,28.1078475737874,24.1970004652075,32.6507864628622,56.2049674898832,50.6105914968179,62.4177326743444,4.13007569438226,3.64371217200791,4.61643921675661,14.1218925944588,11.4277631936366,17.4511710708601,0.279256615305627,0.0108304858664061,0.547682744744848,6.50329825506684,4.70926122700282,8.9807904373299,3.99895864916234,2.72077086348394,5.87762479095098,44.9804267417742,39.9912543431519,50.5920312604192,7.92193140947129,7.02365291132445,8.82020990761812,5.65267069321495,4.07511367037843,7.84093121087441,36.8252344652179,32.124772109299,42.2134634544451
49,Virginia,6493,32.3582726090654,30.9646640568735,33.8146024875142,61.2444889371251,59.3206635490074,63.2307058074438,5.12903816846109,4.9755564651471,5.28251987177508,21.8500432220103,20.7169073255768,23.0451573345745,0.994670405515521,0.909963190305002,1.07937762072604,8.15527425624961,7.48226968515,8.88881328704932,5.85943627525682,5.28078775390993,6.50149088805456,51.075359564875,49.3140342134195,52.8995933164068,8.94922788414641,8.66575820025063,9.2326975680422,6.34988071281723,5.74733288240389,7.01559939053739,48.2669917254818,46.5364743175667,50.0618606027123
50,Washington,4116,26.8861444588207,25.3124864564703,28.5576355805139,58.4314267189117,56.1152075080828,60.8432505202047,4.22830859443751,4.03798790032485,4.41862928855016,21.1431617082785,19.7516315837572,22.632727080128,0.745276608058326,0.640237794655049,0.850315421461603,7.00216510511236,6.19979272470769,7.90837989854974,6.38670911278832,5.6491886290098,7.22051536426092,49.4001529518074,47.2807242329431,51.6145882122849,8.57812939355329,8.22662073920529,8.92963804790129,6.52675066310394,5.79009494499524,7.35712879028838,37.8449593400369,35.9273495744613,39.8649208587084
51,West Virginia,2171,33.0948010017762,30.7262722664045,35.6459073151126,65.2615157937983,61.8896720349589,68.8170627451123,5.70848836292499,5.44755533528589,5.96942139056409,23.297403532729,21.3349434394575,25.440377327788,1.16490111965227,1.02089105427959,1.30891118502496,7.43406654077778,6.34704023254351,8.7072624889546,5.09419657721214,4.23095496738149,6.13356534573109,48.8917630936387,46.005494379796,51.9591090288179,8.87744688005521,8.39552231663338,9.35937144347704,5.73513561115363,4.8092342422518,6.83929682387892,36.4044474002525,33.9736028239946,39.0092212881743
52,Wisconsin,5003,22.6141314734312,21.3050415750671,24.0036585000666,57.0749326214389,54.9872942342295,59.2418299373962,4.27186119154433,4.09873395721751,4.44498842587115,14.4734266785361,13.435802363357,15.5911849663902,0.449161467575417,0.353611798916072,0.544711136234761,5.45137037541967,4.8145671244016,6.17240100763923,6.10448634625709,5.44339885167145,6.84586130229953,57.7866147166774,55.6881679671894,59.9641353326828,10.1210185454754,9.80126497662181,10.440772114329,7.5774987200184,6.84578603609173,8.3874206043198,36.3853235565858,34.688369062459,38.1652930391068
53,Wyoming,460,28.7922999328773,24.2834369536087,34.1383526972927,60.8173558197924,54.1279470382904,68.3334759822818,3.9490065158747,3.38780472863952,4.51020830310987,17.8649864737549,14.3829723602536,22.1899711487604,0.667006581589945,0.357276890418812,0.976736272761078,6.94693850262511,4.85445247402263,9.94137955155728,2.88499033651361,1.70763912898265,4.87407971655905,37.590188943808,32.3937822094337,43.6201705529675,7.15943301238626,6.1229336134718,8.19593241130072,4.39842175821257,2.8664487270737,6.74915751340431,19.9135359604997,16.1355529357792,24.576097021801
99,United States,235821,28.8184682449824,,,61.2583272906145,,,5.05289605251441,,,23.6904262131023,,,1.31577340440419,,,9.15270480576369,,,6.00243404955453,,,54.5748682263242,,,8.68685146785062,,,8.3355595981698,,,46.1667960020524,,
