hrr_id,hrr_name,state,number_of_deaths_among_cancer_patients_2003_07,percent_of_cancer_patients_dying_in_hospital_2003_07,percent_of_cancer_patients_dying_in_hospital_2003_07_2,percent_of_cancer_patients_dying_in_hospital_2003_07_3,percent_of_cancer_patients_admitted_to_hospital_during_the_last_month_of_life_deaths_2003_07,percent_of_cancer_patients_admitted_to_hospital_during_the_last_month_of_life_deaths_2003_07_2,percent_of_cancer_patients_admitted_to_hospital_during_the_last_month_of_life_deaths_2003_07_3,hospital_days_per_cancer_patient_during_the_last_month_of_life_deaths_2003_07,hospital_days_per_cancer_patient_during_the_last_month_of_life_deaths_2003_07_2,hospital_days_per_cancer_patient_during_the_last_month_of_life_deaths_2003_07_3,percent_of_cancer_patients_admitted_to_intensive_care_during_the_last_month_of_life_deaths_2003_07,percent_of_cancer_patients_admitted_to_intensive_care_during_the_last_month_of_life_deaths_2003_07_2,percent_of_cancer_patients_admitted_to_intensive_care_during_the_last_month_of_life_deaths_2003_07_3,icu_days_per_cancer_patient_during_the_last_month_of_life_deaths_2003_07,icu_days_per_cancer_patient_during_the_last_month_of_life_deaths_2003_07_2,icu_days_per_cancer_patient_during_the_last_month_of_life_deaths_2003_07_3,percent_of_cancer_patients_receiving_life_sustaining_treatment_during_the_last_month_of_life_deaths_2003_07,percent_of_cancer_patients_receiving_life_sustaining_treatment_during_the_last_month_of_life_deaths_2003_07_2,percent_of_cancer_patients_receiving_life_sustaining_treatment_during_the_last_month_of_life_deaths_2003_07_3,percent_of_cancer_patients_receiving_chemotherapy_during_the_last_two_weeks_of_life_deaths_2003_07,percent_of_cancer_patients_receiving_chemotherapy_during_the_last_two_weeks_of_life_deaths_2003_07_2,percent_of_cancer_patients_receiving_chemotherapy_during_the_last_two_weeks_of_life_deaths_2003_07_3,percent_of_cancer_patients_enrolled_in_hospice_during_the_last_month_of_life_deaths_2003_07,percent_of_cancer_patients_enrolled_in_hospice_during_the_last_month_of_life_deaths_2003_07_2,percent_of_cancer_patients_enrolled_in_hospice_during_the_last_month_of_life_deaths_2003_07_3,hospice_days_per_cancer_patient_during_the_last_month_of_life_deaths_2003_07,hospice_days_per_cancer_patient_during_the_last_month_of_life_deaths_2003_07_2,hospice_days_per_cancer_patient_during_the_last_month_of_life_deaths_2003_07_3,percent_of_cancer_patients_enrolled_in_hospice_during_the_last_three_days_of_life_deaths_2003_07,percent_of_cancer_patients_enrolled_in_hospice_during_the_last_three_days_of_life_deaths_2003_07_2,percent_of_cancer_patients_enrolled_in_hospice_during_the_last_three_days_of_life_deaths_2003_07_3,percent_of_cancer_patients_seeing_ten_or_more_physicians_during_the_last_six_months_of_life_deaths_2003_07,percent_of_cancer_patients_seeing_ten_or_more_physicians_during_the_last_six_months_of_life_deaths_2003_07_2,percent_of_cancer_patients_seeing_ten_or_more_physicians_during_the_last_six_months_of_life_deaths_2003_07_3
HRR ID,HRR Name,State,Number of deaths among cancer patients (2003-07),Point estimate,Lower conf. limit,Upper conf. limit,Point estimate,Lower conf. limit,Upper conf. limit,Point estimate,Lower conf. limit,Upper conf. limit,Point estimate,Lower conf. limit,Upper conf. limit,Point estimate,Lower conf. limit,Upper conf. limit,Point estimate,Lower conf. limit,Upper conf. limit,Point estimate,Lower conf. limit,Upper conf. limit,Point estimate,Lower conf. limit,Upper conf. limit,Point estimate,Lower conf. limit,Upper conf. limit,Point estimate,Lower conf. limit,Upper conf. limit,Point estimate,Lower conf. limit,Upper conf. limit
1,Birmingham,AL,2055,33.4759,31.0573,36.0829,61.9326,58.5902,65.4657,5.3923,5.1254,5.6591,21.3351,19.4313,23.4255,1.0063,0.8594,1.1532,9.0257,7.8329,10.4002,6.3073,5.3105,7.4913,56.5307,53.3214,59.9332,10.4698,9.9772,10.9624,5.0083,4.1161,6.0939,35.0855,32.6178,37.7398
2,Dothan,AL,399,27.0963,22.5056,32.6234,56.9738,50.0395,64.8691,4.1256,3.5249,4.7263,14.9375,11.6412,19.167,0.3119,-0.0188,0.6427,6.4077,4.421,9.2873,4.6125,2.9394,7.2377,68.6945,60.9246,77.4552,13.5681,12.4592,14.677,5.1203,3.3015,7.9412,35.2293,29.9255,41.4731
5,Huntsville,AL,599,37.3089,32.7496,42.5029,64.4407,58.3202,71.2035,5.5561,5.0655,6.0467,42.3884,37.51,47.9014,3.0783,2.8082,3.3484,8.8718,6.8214,11.5387,9.0484,7.0008,11.6948,46.6832,41.4944,52.5209,8.6379,7.7323,9.5436,4.3736,2.9762,6.4273,36.822,32.2597,42.0297
6,Mobile,AL,781,28.0117,24.5385,31.9764,60.0417,54.8284,65.7507,4.8439,4.4138,5.2739,18.8103,16.0112,22.0987,0.9119,0.6752,1.1487,7.5245,5.8607,9.6607,4.6118,3.3232,6.4,65.7379,60.2451,71.7314,11.9605,11.1666,12.7544,6.735,5.1144,8.869,48.0324,43.3897,53.172
7,Montgomery,AL,375,34.0569,28.7207,40.3846,64.4164,56.8343,73.0098,4.9493,4.3297,5.5688,21.6218,17.4509,26.7895,0.947,0.6059,1.2881,9.797,7.207,13.3176,9.4868,6.8043,13.2267,51.0418,44.2154,58.9222,9.0815,7.9379,10.2251,7.3173,4.9792,10.7534,33.2662,27.8474,39.7394
9,Tuscaloosa,AL,233,33.6843,27.0456,41.9526,60.3393,51.1475,71.183,5.485,4.6996,6.2704,16.7434,12.2775,22.8337,0.4948,0.0624,0.9271,4.7545,2.6987,8.3763,6.1055,3.6134,10.3165,56.5537,47.6113,67.1757,10.6083,9.1584,12.0581,4.9073,2.7165,8.865,38.7578,31.5491,47.6137
10,Anchorage,AK,313,32.2565,26.559,39.1762,57.8269,50.0584,66.801,4.7564,4.0788,5.4339,17.7066,13.623,23.0143,0.7209,0.3479,1.0939,,,,4.7377,2.9007,7.7378,24.4321,19.5391,30.5504,4.6409,3.3902,5.8917,3.7116,2.1072,6.5378,26.415,21.1535,32.9853
11,Mesa,AZ,470,13.8333,10.8651,17.6124,58.6219,52.1304,65.9218,4.3069,3.7535,4.8603,32.865,28.0777,38.4685,1.6021,1.2974,1.9067,8.947,6.5832,12.1594,6.3046,4.4297,8.9732,77.4309,69.8516,85.8327,12.7453,11.7238,13.7669,12.6057,9.7999,16.2148,56.1452,49.6271,63.5193
12,Phoenix,AZ,1554,20.9591,18.7948,23.3726,58.7123,55.013,62.6603,4.4044,4.0985,4.7103,25.9906,23.5617,28.6698,1.1007,0.9323,1.2691,8.5245,7.1644,10.1429,5.2871,4.2732,6.5416,67.5905,63.6001,71.8313,11.5222,10.9575,12.0868,9.8575,8.4186,11.5424,45.364,42.0649,48.9218
14,Sun City,AZ,337,15.4926,11.7715,20.3898,58.994,51.3318,67.8,4.6607,4.0076,5.3139,30.6975,25.2485,37.3225,1.5034,1.1438,1.863,8.6365,5.9196,12.6004,5.82,3.7099,9.1304,79.9467,70.9869,90.0375,13.3236,12.1179,14.5292,17.7351,13.7881,22.8121,59.8305,51.9763,68.8715
15,Tucson,AZ,672,18.9331,15.9057,22.5367,56.5656,51.1701,62.5301,4.3548,3.8918,4.8179,29.236,25.3953,33.6575,1.4716,1.2167,1.7265,10.6542,8.4085,13.4996,5.4635,3.972,7.5149,69.5788,63.5524,76.1766,10.7327,9.8779,11.5875,13.334,10.8482,16.3894,51.2285,45.9465,57.1178
16,Fort Smith,AR,375,31.7289,26.5012,37.9878,58.4018,51.1468,66.6859,4.6986,4.0793,5.3179,16.4324,12.8072,21.0838,0.4154,0.0745,0.7564,5.4006,3.4824,8.3753,3.5186,2.0826,5.945,54.8024,47.7968,62.8348,9.7945,8.6513,10.9377,5.5185,3.5963,8.468,34.4061,28.9625,40.8729
18,Jonesboro,AR,251,32.2089,25.862,40.1135,63.8157,54.6178,74.5624,5.0976,4.341,5.8543,15.9337,11.6842,21.7288,0.7955,0.3789,1.2121,11.7709,8.1743,16.95,,,,43.691,36.2368,52.6785,8.1039,6.707,9.5007,4.7292,2.6846,8.3309,30.0246,23.9728,37.6041
19,Little Rock,AR,1755,30.61,28.1185,33.3223,63.1863,59.553,67.0413,5.6363,5.3482,5.9245,21.8461,19.7605,24.1518,1.0038,0.8452,1.1624,8.8236,7.5425,10.3224,8.6537,7.3777,10.1503,52.3165,49.0057,55.851,9.2126,8.6808,9.7445,7.3328,6.1547,8.7363,32.9164,30.3015,35.757
21,Springdale,AR,382,25.1376,20.5735,30.7141,60.4193,53.1274,68.7119,4.1661,3.5525,4.7797,15.6852,12.1748,20.2079,0.4122,0.0744,0.75,4.8981,3.0846,7.7778,4.2013,2.6101,6.7625,57.9825,50.8387,66.13,10.1683,9.0355,11.301,6.1181,4.0986,9.1327,34.8126,29.2462,41.4385
22,Texarkana,AR,304,33.2468,27.3711,40.3838,61.7254,53.4503,71.2816,5.2433,4.5555,5.9312,30.7012,25.0964,37.5576,1.8027,1.424,2.1814,6.8562,4.5116,10.4194,4.723,2.8451,7.8406,47.1401,39.9817,55.5801,9.4532,8.1835,10.7229,,,,30.7778,25.2157,37.5669
23,Orange County,CA,1208,34.4555,31.2392,38.0029,66.5817,62.083,71.4064,6.0144,5.6681,6.3606,37.5177,34.1441,41.2247,2.187,1.9964,2.3777,16.7227,14.4864,19.3042,6.991,5.6445,8.6588,50.2835,46.4514,54.4318,7.4046,6.7654,8.0437,8.2557,6.7796,10.0532,55.1978,51.1143,59.6075
25,Bakersfield,CA,540,36.8337,32.0289,42.3594,65.6678,59.1289,72.9298,6.0869,5.5703,6.6035,29.9896,25.6832,35.0181,1.8922,1.6078,2.1766,13.7258,10.9014,17.2821,5.8719,4.1484,8.3114,43.6113,38.3775,49.5587,6.9806,6.0271,7.9342,7.9643,5.9022,10.7468,32.393,27.9676,37.5187
31,Chico,CA,323,24.9887,20.0371,31.1639,55.4677,47.8795,64.2586,4.2294,3.5621,4.8966,20.0326,15.674,25.6034,0.6761,0.3087,1.0434,6.2226,3.967,9.7606,3.7661,2.1375,6.6358,53.7813,46.3646,62.3845,9.262,8.0302,10.4937,5.7823,3.6863,9.07,32.7489,27.0391,39.6645
33,Contra Costa County,CA,432,30.8699,25.9512,36.7208,64.4583,57.2977,72.5137,5.9846,5.4075,6.5616,30.1039,25.2531,35.8866,1.7295,1.4118,2.0472,9.412,6.8156,12.9976,6.6601,4.5317,9.7882,52.4033,46.0404,59.6456,7.7897,6.7245,8.855,8.2935,5.9789,11.5042,58.0244,51.0132,65.9993
43,Fresno,CA,577,38.4736,33.7164,43.902,67.2188,60.8529,74.2507,5.6797,5.1801,6.1793,25.0538,21.2689,29.5122,1.2798,1.0047,1.5548,12.6224,9.9946,15.941,9.5607,7.3669,12.4079,38.9036,34.1311,44.3434,5.4668,4.5445,6.3891,5.8457,4.1746,8.1859,32.3669,27.9692,37.456
56,Los Angeles,CA,3950,40.5464,38.5342,42.6637,67.0707,64.4934,69.751,6.5182,6.3243,6.7122,40.294,38.2789,42.4151,2.5492,2.4424,2.6559,17.5469,16.2288,18.972,6.4567,5.6689,7.3541,39.8863,37.9462,41.9257,5.802,5.444,6.16,7.8015,6.9532,8.7534,54.2511,51.9671,56.6354
58,Modesto,CA,459,36.2178,31.0938,42.1862,64.6585,57.694,72.4636,5.0358,4.4758,5.5958,19.2248,15.594,23.701,0.8155,0.5072,1.1238,8.2879,6.001,11.4464,7.586,5.4666,10.527,39.1281,33.8029,45.2921,6.522,5.4883,7.5558,5.1612,3.4576,7.7042,31.112,26.3847,36.6861
62,Napa,CA,302,24.4238,19.3814,30.778,55.1028,47.3188,64.1673,4.2466,3.5568,4.9364,21.5133,16.8334,27.4942,0.7943,0.4145,1.1741,6.3421,3.9941,10.0704,6.4133,4.0881,10.0609,40.2375,33.7138,48.0234,6.5621,5.2887,7.8355,6.2023,3.9544,9.728,34.0447,27.9778,41.427
65,Alameda County,CA,552,34.8628,30.2058,40.2379,64.57,58.1588,71.688,5.4733,4.9625,5.9842,30.6222,26.2871,35.6722,1.5143,1.233,1.7955,9.7333,7.4483,12.7193,4.5513,2.9949,6.9167,44.25,39.0325,50.1649,7.5321,6.5891,8.4752,4.9483,3.3674,7.2712,48.3472,42.8336,54.5705
69,Palm Springs/Rancho Mirage,CA,310,28.5909,23.1654,35.2872,63.9219,55.5604,73.5418,4.6855,4.0046,5.3665,33.3834,27.4835,40.5499,1.4735,1.0986,1.8484,8.2031,5.4954,12.2448,8.0397,5.4283,11.9073,59.9063,51.8957,69.1533,9.3342,8.0772,10.5913,11.5437,8.3214,16.0138,44.4663,37.6433,52.526
73,Redding,CA,340,32.3206,26.8247,38.9425,58.2069,50.6637,66.8731,4.4473,3.797,5.0976,21.0121,16.6725,26.4813,1.063,0.7049,1.421,5.7422,3.6609,9.0066,5.4246,3.4971,8.4145,48.0992,41.2648,56.0655,8.8252,7.6247,10.0257,5.726,3.6923,8.8797,28.7266,23.4625,35.1718
77,Sacramento,CA,1233,30.3469,27.3947,33.6174,60.5543,56.3546,65.0671,4.4914,4.1486,4.8342,25.9659,23.2473,29.0025,1.1075,0.9188,1.2962,6.9854,5.6207,8.6813,5.2145,4.0765,6.67,44.3039,40.7377,48.1822,7.8368,7.204,8.4695,6.5248,5.2501,8.109,36.0842,32.8013,39.6956
78,Salinas,CA,272,32.2084,26.1278,39.7039,62.2533,53.6024,72.3005,5.4686,4.7418,6.1954,26.1902,20.7482,33.0597,1.3458,0.9456,1.7459,6.1327,3.7556,10.0145,6.6299,4.1744,10.5298,47.6695,40.1341,56.6198,7.127,5.7854,8.4686,7.188,4.6353,11.1466,40.6587,33.5407,49.2871
79,San Bernardino,CA,818,27.9505,24.5703,31.7957,65.5916,60.2628,71.3918,5.5735,5.1534,5.9936,36.4404,32.5371,40.812,2.1302,1.8989,2.3615,12.6534,10.4483,15.3239,5.7457,4.3376,7.6109,56.749,51.7812,62.1933,8.5543,7.7787,9.3298,10.7333,8.7011,13.2402,41.7094,37.5299,46.3542
80,San Diego,CA,1361,26.3722,23.744,29.2914,57.5002,53.5932,61.6921,4.6701,4.3439,4.9964,29.767,26.9597,32.8665,1.6559,1.4763,1.8355,10.0062,8.4116,11.9029,6.6354,5.3841,8.1775,63.2054,59.119,67.5743,10.053,9.4508,10.6552,10.8429,9.2243,12.7456,44.5842,41.0839,48.3826
81,San Francisco,CA,714,36.3237,32.06,41.1543,64.8022,59.1349,71.0127,5.3355,4.8863,5.7848,30.9604,27.0569,35.4271,1.3213,1.074,1.5686,8.8766,6.8731,11.4642,3.7127,2.4871,5.5422,41.26,36.8445,46.2048,6.6405,5.8112,7.4698,6.054,4.4874,8.1677,46.956,42.0147,52.4784
82,San Jose,CA,586,32.6822,28.3297,37.7035,61.46,55.4482,68.1237,5.2418,4.7462,5.7374,27.05,23.1006,31.6747,1.4183,1.1455,1.6912,8.6194,6.4724,11.4786,4.9369,3.4284,7.1091,48.98,43.6546,54.955,7.8995,6.9847,8.8144,8.0264,6.0451,10.657,41.1946,36.1368,46.9603
83,San Luis Obispo,CA,209,22.6555,17.0186,30.1595,52.1566,43.2969,62.8291,3.9707,3.1419,4.7996,21.2404,15.8026,28.5493,1.1112,0.6549,1.5675,7.1918,4.2578,12.1474,5.1688,2.8612,9.3378,61.9788,52.2157,73.5672,11.3543,9.8242,12.8844,10.1542,6.6829,15.4286,29.9901,23.1288,38.887
85,San Mateo County,CA,362,30.6723,25.4148,37.0175,58.8308,51.4284,67.2986,4.7907,4.1605,5.4209,28.4287,23.3831,34.5631,1.5168,1.1699,1.8638,7.279,4.9162,10.7774,5.0174,3.1593,7.9683,46.742,40.2284,54.3101,8.2208,7.0575,9.3841,4.9358,3.1085,7.8373,47.2427,40.5255,55.0733
86,Santa Barbara,CA,269,25.1375,19.7453,32.0022,54.3017,46.1907,63.837,3.7626,3.032,4.4932,21.2012,16.3123,27.5552,0.837,0.4348,1.2393,6.2651,3.837,10.2297,10.3825,7.1161,15.1484,50.1992,42.4536,59.358,8.3543,7.0056,9.703,7.7021,5.02,11.8172,38.2267,31.3538,46.6063
87,Santa Cruz,CA,161,30.8673,23.1873,41.0909,54.325,44.0238,67.0365,4.8215,3.8773,5.7658,18.9578,13.1715,27.286,0.8468,0.327,1.3666,,,,7.677,4.2497,13.8684,52.9877,42.9907,65.3095,9.2373,7.4943,10.9803,7.3446,4.1695,12.9373,46.4776,36.7013,58.8582
89,Santa Rosa,CA,272,26.5292,20.9481,33.5971,57.6883,49.3026,67.5003,4.2465,3.5198,4.9733,18.762,14.1765,24.8309,0.6633,0.2632,1.0634,4.514,2.499,8.1536,4.4077,2.4398,7.9628,54.5946,46.562,64.0129,8.8341,7.4926,10.1757,9.0579,6.1175,13.4115,40.7393,33.6379,49.3398
91,Stockton,CA,319,31.6218,25.985,38.4813,60.7777,52.8084,69.9497,4.6475,3.9762,5.3188,21.3403,16.8201,27.0753,0.8724,0.5028,1.242,8.4424,5.745,12.4064,5.1777,3.1699,8.4571,41.9419,35.4027,49.6891,7.4915,6.2523,8.7307,5.5887,3.5195,8.8746,26.0837,20.9456,32.4822
96,Ventura,CA,450,31.4921,26.6439,37.2226,63.8905,56.8986,71.7415,5.5546,4.9892,6.12,27.2414,22.7695,32.5916,1.7625,1.4513,2.0738,10.0218,7.4018,13.5691,4.5573,2.9384,7.0683,52.8448,46.579,59.9534,8.1275,7.0838,9.1712,8.5086,6.2129,11.6525,49.5885,43.3814,56.6837
101,Boulder,CO,84,,,,46.333,33.8498,63.4197,4.1232,2.8164,5.4299,16.1511,9.3771,27.8188,0.8295,0.1101,1.5489,,,,,,,77.723,61.166,98.7618,12.196,9.7838,14.6081,17.6542,10.6394,29.2939,41.6493,29.4494,58.903
102,Colorado Springs,CO,455,22.1043,18.1652,26.8977,56.2317,49.7398,63.5708,3.6313,3.069,4.1935,15.1177,11.9163,19.1792,0.4105,0.101,0.72,7.4102,5.2654,10.4287,8.076,5.8954,11.0631,65.7395,58.7152,73.604,11.595,10.5571,12.6328,11.1224,8.4477,14.644,37.6919,32.4065,43.8393
103,Denver,CO,958,18.4647,15.9159,21.4218,60.3646,55.6378,65.4929,4.3014,3.9131,4.6897,21.5813,18.8042,24.7685,0.8749,0.6611,1.0887,5.9342,4.5417,7.7535,7.2265,5.6913,9.1759,66.3578,61.3933,71.7238,10.6098,9.893,11.3266,10.8325,8.9379,13.1287,42.9572,38.8698,47.4745
104,Fort Collins,CO,184,21.7999,15.9876,29.7254,60.2305,50.041,72.4947,4.4348,3.5515,5.3181,20.3085,14.7109,28.036,1.0556,0.5693,1.5418,,,,6.0862,3.3689,10.9953,56.7278,46.8451,68.6955,9.7762,8.1456,11.4067,7.9619,4.7981,13.2119,38.8282,30.6604,49.1717
105,Grand Junction,CO,151,20.4625,14.3878,29.102,52.1612,41.9479,64.8613,3.293,2.318,4.2681,11.9166,7.5066,18.9175,0.3408,-0.196,0.8775,,,,,,,67.4471,55.5924,81.8298,12.671,10.8712,14.4709,,,,20.845,14.3905,30.1945
106,Greeley,CO,233,13.5681,9.5935,19.1895,55.0968,46.4192,65.3965,3.4588,2.6737,4.2438,14.0465,9.984,19.7621,0.5964,0.1642,1.0286,5.7506,3.338,9.907,,,,66.2957,56.6299,77.6112,11.4014,9.9522,12.8506,9.5514,6.3444,14.3796,31.4337,24.8639,39.7394
107,Pueblo,CO,128,30.7424,22.3645,42.2586,63.5852,51.0659,79.1738,4.4923,3.4334,5.5512,20.8296,14.1791,30.5994,0.5403,-0.0427,1.1232,9.9182,5.6303,17.4714,,,,52.7408,41.6497,66.7855,10.2265,8.2718,12.1812,,,,42.6866,32.6859,55.7471
109,Bridgeport,CT,661,38.4341,33.9226,43.5455,64.0087,58.1841,70.4165,6.2928,5.826,6.7596,24.6952,21.1315,28.8598,1.0996,0.8426,1.3566,10.8822,8.5742,13.8116,8.8268,6.7708,11.507,46.3226,41.4336,51.7885,6.4695,5.6078,7.3312,9.2689,7.2071,11.9206,63.6754,57.6767,70.2981
110,Hartford,CT,1721,33.5843,30.9112,36.4884,63.6928,60.0035,67.6089,5.4272,5.1365,5.7179,19.2045,17.2175,21.4209,0.8305,0.6705,0.9905,9.7704,8.3577,11.4218,5.9168,4.852,7.2153,45.196,42.1237,48.4923,6.4982,5.9616,7.0347,9.9238,8.5353,11.5381,52.7327,49.3364,56.3627
111,New Haven,CT,1543,30.8625,28.1563,33.8289,62.6111,58.7406,66.7366,5.5228,5.2159,5.8297,19.1163,17.0197,21.4712,0.7724,0.6035,0.9414,8.5409,7.1542,10.1964,6.5554,5.3535,8.0272,50.7186,47.2816,54.4053,7.5773,7.0107,8.1439,9.6697,8.2247,11.3686,52.0941,48.5518,55.8949
112,Wilmington,DE,726,26.3372,22.8524,30.3533,56.6084,51.3708,62.38,5.2116,4.7657,5.6574,20.8148,17.746,24.4143,1.0575,0.812,1.303,11.1518,8.972,13.8612,5.1371,3.7019,7.1287,60.4795,55.0422,66.4538,10.429,9.6059,11.2521,6.8712,5.1892,9.0984,57.6384,52.3736,63.4324
113,Washington,DC,1876,33.1383,30.61,35.8754,63.2539,59.7195,66.9974,5.8376,5.5584,6.1168,23.1869,21.0906,25.4916,1.0299,0.8762,1.1836,11.9373,10.4936,13.5795,6.6023,5.4763,7.9598,49.1583,46.0441,52.4832,8.0733,7.5579,8.5887,7.7333,6.5283,9.1608,54.3021,51.0153,57.8007
115,Bradenton,FL,388,18.5037,14.659,23.3568,61.1746,53.8342,69.5159,4.7992,4.1902,5.4082,30.1031,25.1015,36.1012,1.3757,1.0405,1.711,6.6357,4.481,9.8264,7.0141,4.8057,10.2374,71.6661,63.6994,80.6291,10.3924,9.2682,11.5166,14.5615,11.2219,18.8949,53.0211,46.2479,60.7862
116,Clearwater,FL,589,24.7084,20.9526,29.1373,56.9309,51.1277,63.3928,4.7677,4.273,5.2624,28.3955,24.3527,33.1093,1.5358,1.2635,1.8082,9.2078,6.9734,12.1579,8.5458,6.4142,11.3859,59.859,53.9203,66.4518,12.0465,11.1332,12.9597,6.1892,4.4812,8.5481,57.2961,51.4095,63.8567
118,Fort Lauderdale,FL,2648,19.6197,17.9634,21.4287,62.23,59.2472,65.3629,5.471,5.2354,5.7065,34.47,32.2337,36.8614,2.0729,1.9433,2.2026,9.4195,8.2624,10.7387,8.6728,7.5527,9.9589,72.735,69.5226,76.0958,10.089,9.6543,10.5238,15.8125,14.3358,17.4414,66.013,62.8879,69.2934
119,Fort Myers,FL,1447,17.6139,15.5822,19.9105,56.6579,52.8971,60.686,4.4777,4.1609,4.7946,24.3404,21.9247,27.0223,1.2107,1.0363,1.3852,8.1803,6.8164,9.817,7.1355,5.899,8.6311,75.5863,71.1872,80.2573,12.2461,11.6612,12.831,13.529,11.756,15.5695,55.0159,51.2895,59.013
120,Gainesville,FL,526,20.5147,17.0113,24.7398,57.9393,51.7742,64.8385,4.9771,4.4537,5.5006,21.2382,17.6677,25.5303,0.9629,0.6747,1.2511,10.5363,8.1378,13.6418,7.7284,5.7046,10.4703,66.0372,59.3861,73.4331,10.8534,9.8871,11.8197,10.8306,8.3275,14.0861,40.1212,35.0853,45.88
122,Hudson,FL,585,16.5751,13.5642,20.2544,59.5788,53.5771,66.2528,5.1178,4.621,5.6146,31.2953,27.0648,36.1871,2.023,1.7495,2.2965,10.6566,8.265,13.7402,8.1409,6.0891,10.8842,75.3341,68.5762,82.7581,10.69,9.773,11.6071,13.5323,10.8552,16.8695,52.4333,46.9701,58.532
123,Jacksonville,FL,1288,20.1534,17.8394,22.7676,57.3355,53.3071,61.6682,4.7394,4.4035,5.0754,31.6766,28.7353,34.919,1.9641,1.7791,2.1491,8.1763,6.7729,9.8704,6.5574,5.2789,8.1455,69.1465,64.6968,73.9023,10.8957,10.2755,11.5159,13.7075,11.7852,15.9434,51.8077,48.0183,55.8962
124,Lakeland,FL,355,27.9481,23.0093,33.947,60.6802,53.0919,69.3532,5.8789,5.2422,6.5155,21.208,16.9557,26.5268,0.8828,0.5323,1.2333,10.6598,7.7822,14.6014,4.5023,2.7967,7.248,63.1178,55.3069,72.0319,10.7024,9.5272,11.8775,9.5665,6.8306,13.3981,42.0406,35.866,49.2782
127,Miami,FL,1488,34.8674,31.9389,38.0644,66.9973,62.8905,71.3723,6.5281,6.2154,6.8407,40.2519,37.0857,43.6885,3.0417,2.8695,3.2138,13.7106,11.9131,15.7793,6.1982,5.01,7.6682,55.5227,51.8373,59.4702,7.7126,7.1355,8.2897,12.4947,10.7845,14.476,61.6052,57.7775,65.6864
129,Ocala,FL,874,22.733,19.7678,26.1431,64.207,59.0792,69.78,5.0638,4.6572,5.4705,21.1837,18.3373,24.4719,0.8448,0.6209,1.0686,7.5286,5.8984,9.6092,6.3628,4.9017,8.2594,65.3514,60.182,70.9649,9.5838,8.8331,10.3344,13.3892,11.1653,16.0561,50.3927,45.8934,55.3331
130,Orlando,FL,3448,24.3107,22.6988,26.037,61.5394,58.9277,64.2668,5.3335,5.1262,5.5409,31.8207,29.9552,33.8024,1.8306,1.7165,1.9448,9.1082,8.139,10.1928,7.4984,6.6203,8.4931,65.426,62.7248,68.2436,10.5527,10.17,10.9355,11.5483,10.4426,12.7709,54.8227,52.3731,57.3868
131,Ormond Beach,FL,394,19.9284,15.9578,24.8869,59.3233,52.1929,67.4278,5.014,4.4098,5.6182,38.957,33.2493,45.6445,2.2907,1.9581,2.6233,10.8209,7.9915,14.6521,6.1006,4.086,9.1085,72.1132,64.1928,81.0109,11.119,10.0037,12.2343,14.3397,11.0525,18.6045,51.5469,44.812,59.294
133,Panama City,FL,241,26.573,20.8314,33.8972,54.2517,45.6438,64.4829,4.3951,3.6228,5.1674,23.6609,18.2849,30.6175,1.0488,0.6236,1.4739,8.887,5.8479,13.5057,5.3754,3.181,9.0835,67.0685,57.4269,78.3289,13.1893,11.7637,14.6149,8.7594,5.7076,13.4428,36.7288,30.0282,44.9246
134,Pensacola,FL,774,27.8365,24.3907,31.7691,61.5874,56.2698,67.4076,5.3995,4.9672,5.8317,25.8497,22.5412,29.6439,1.3039,1.066,1.5418,9.0106,7.1662,11.3296,3.8638,2.7292,5.47,66.8746,61.2838,72.9754,12.3835,11.5857,13.1814,7.4132,5.7126,9.62,46.4255,41.9574,51.3695
137,Sarasota,FL,682,18.7347,15.7162,22.333,57.8808,52.4235,63.9062,4.7214,4.2615,5.1814,26.4378,22.8033,30.6515,1.5899,1.3367,1.8431,8.8186,6.781,11.4684,8.2992,6.3487,10.8491,71.129,65.078,77.7427,11.2752,10.4261,12.1243,12.1781,9.8233,15.0975,53.6684,48.2975,59.6366
139,St. Petersburg,FL,441,28.7918,24.118,34.3714,61.7974,54.8103,69.6752,5.6241,5.0527,6.1956,35.5185,30.2808,41.6622,2.53,2.2154,2.8446,13.0886,10.0156,17.1044,7.1945,4.995,10.3625,54.4478,48.0012,61.7602,10.2784,9.2236,11.3333,9.1797,6.7283,12.5242,54.2228,47.7052,61.6308
140,Tallahassee,FL,578,23.7784,20.1964,27.9958,55.6818,49.9547,62.0655,4.2642,3.7646,4.7638,17.3415,14.3148,21.0081,0.7029,0.4279,0.978,6.3373,4.6619,8.6148,4.5084,3.0886,6.5809,63.364,57.0923,70.3246,11.6059,10.6836,12.5281,7.6944,5.7018,10.3834,26.2917,22.4064,30.8507
141,Tampa,FL,788,24.3114,21.079,28.0395,58.1749,53.0512,63.7933,5.0201,4.592,5.4483,28.5774,25.0607,32.5876,1.6669,1.4312,1.9026,10.8526,8.7647,13.4378,4.0577,2.851,5.7753,67.3314,61.8129,73.3425,11.8422,11.0519,12.6325,9.0446,7.1607,11.4241,52.8845,48.0535,58.2013
142,Albany,GA,188,29.3469,22.6275,38.0616,59.8945,49.7969,72.0397,5.2455,4.3711,6.12,15.3712,10.7433,21.9927,0.5769,0.0955,1.0583,8.4603,5.3261,13.4389,,,,62.1556,51.7176,74.7003,11.3413,9.7272,12.9555,6.8494,3.8876,12.0676,38.1702,30.3351,48.0289
144,Atlanta,GA,3281,26.24,24.54,28.0577,60.4692,57.8402,63.2178,5.0566,4.8444,5.2688,23.756,22.1351,25.4957,1.1203,1.0035,1.2372,9.628,8.6304,10.741,7.0149,6.1572,7.9922,62.118,59.4202,64.9382,10.2164,9.8247,10.6081,9.3119,8.2973,10.4506,48.5774,46.1937,51.0841
145,Augusta,GA,495,32.8961,28.2911,38.2507,61.1204,54.6467,68.361,5.0736,4.5341,5.6131,23.82,19.9368,28.4594,1.3531,1.0561,1.6501,9.7228,7.4211,12.7383,10.1696,7.7592,13.3287,52.6973,46.609,59.5809,9.0975,8.1017,10.0934,6.511,4.576,9.264,30.9736,26.3837,36.362
146,Columbus,GA,293,25.3481,20.2668,31.7034,59.3544,51.2331,68.7631,5.2078,4.5073,5.9084,19.0032,14.6855,24.5903,0.6472,0.2615,1.0329,6.7635,4.4504,10.2789,5.1322,3.0918,8.5191,64.912,56.2084,74.9635,11.8854,10.5921,13.1786,9.5117,6.5188,13.8788,32.2003,26.2118,39.5569
147,Macon,GA,614,26.5354,22.7981,30.8854,63.7929,57.7508,70.4672,5.2026,4.7175,5.6876,24.56,20.9784,28.7531,1.0781,0.811,1.3451,8.5474,6.6145,11.0452,7.5734,5.6647,10.1251,59.0963,53.2209,65.6203,9.9415,9.0462,10.8369,7.6182,5.6641,10.2466,38.3813,33.8453,43.5254
148,Rome,GA,281,30.733,24.9295,37.8875,60.9781,52.5025,70.8218,4.803,4.0878,5.5182,20.6839,16.0199,26.7058,0.9592,0.5654,1.3529,8.3772,5.6115,12.5059,5.2542,3.2164,8.5832,60.9164,52.4025,70.8135,11.0137,9.6934,12.334,8.2071,5.4507,12.3573,34.3648,28.126,41.9873
149,Savannah,GA,694,25.6421,22.1636,29.6666,59.8896,54.4035,65.9289,4.8088,4.3527,5.2649,28.0979,24.4371,32.3071,1.3331,1.082,1.5842,7.7005,5.9473,9.9705,5.6214,4.1026,7.7026,64.7005,58.9258,71.0411,11.3295,10.4876,12.1714,7.5407,5.7107,9.9573,45.2991,40.5054,50.6602
150,Honolulu,HI,600,40.7811,35.9573,46.2519,60.2261,54.3501,66.7375,6.0988,5.609,6.5886,20.6006,17.2572,24.5918,0.7572,0.4875,1.0268,11.5693,9.0992,14.7099,4.0096,2.7281,5.893,38.7602,34.111,44.0431,6.981,6.0768,7.8853,4.6946,3.2609,6.7588,36.5244,31.8623,41.8687
151,Boise,ID,462,26.2118,21.9578,31.2899,57.907,51.4181,65.2149,4.3028,3.7447,4.8609,18.6374,15.0995,23.0041,0.5941,0.2868,0.9014,4.0443,2.5469,6.4219,5.1977,3.5092,7.6986,52.8524,46.621,59.9167,9.3095,8.2792,10.3398,6.0597,4.2086,8.725,31.2254,26.403,36.9285
152,Idaho Falls,ID,113,26.0135,18.075,37.4384,52.3968,40.7648,67.3479,3.4147,2.288,4.5413,12.6459,7.4887,21.3547,0.6223,0.0021,1.2426,,,,,,,49.4161,38.1144,64.0691,9.3103,7.2305,11.39,,,,14.2857,8.4601,24.1228
154,Aurora,IL,171,23.7632,17.4272,32.4027,69.0745,57.5733,82.8732,5.1171,4.2008,6.0333,19.6024,13.9326,27.5795,0.7498,0.2454,1.2543,,,,6.7057,3.806,11.8145,66.0644,54.9756,79.3897,9.1091,7.4177,10.8006,14.1726,9.4946,21.1555,49.6268,40.2107,61.2479
155,Blue Island,IL,1027,28.0978,25.0023,31.5765,68.2358,63.2936,73.5639,5.7369,5.3613,6.1125,35.5796,32.0731,39.4694,1.8981,1.6913,2.1048,11.2993,9.4208,13.5523,7.9217,6.3265,9.9191,60.982,56.3589,65.9843,8.5209,7.8276,9.2142,12.4181,10.3931,14.8377,55.0443,50.735,59.7197
156,Chicago,IL,1949,31.6826,29.2591,34.3068,68.5039,64.8585,72.3542,6.2604,5.9851,6.5356,35.2265,32.6482,38.0084,1.9109,1.7594,2.0625,16.1917,14.5526,18.0154,6.2432,5.1438,7.5775,51.4887,48.3219,54.863,7.5853,7.0772,8.0934,11.1404,9.6565,12.8524,51.881,48.7701,55.1903
158,Elgin,IL,520,21.0258,17.3908,25.4206,62.2366,55.7548,69.4719,5.7452,5.2189,6.2715,34.7518,29.9754,40.2892,2.1075,1.8177,2.3972,12.5145,9.7487,16.0649,6.5274,4.6821,9.0998,66.4716,59.8426,73.8348,10.1878,9.2163,11.1592,13.4,10.5921,16.9521,63.6208,57.1216,70.8595
161,Evanston,IL,1048,23.5927,20.7907,26.7723,62.4356,57.8082,67.4335,5.1592,4.7878,5.5306,33.8756,30.4724,37.6588,1.684,1.4796,1.8885,9.4262,7.6774,11.5734,6.0911,4.7439,7.8209,64.9909,60.2933,70.0544,9.6688,8.9833,10.3544,13.3844,11.3419,15.7948,61.7,57.0262,66.7567
163,Hinsdale,IL,315,20.8879,16.3757,26.6433,58.3477,50.4683,67.4571,4.6876,4.0121,5.3632,29.41,23.9384,36.1322,1.4785,1.1066,1.8504,8.0508,5.3934,12.0177,5.506,3.4207,8.8627,67.4157,58.9488,77.0988,10.3906,9.1436,11.6376,12.2672,8.9568,16.8011,58.0753,50.163,67.2355
164,Joliet,IL,554,25.9798,22.0556,30.6022,64.3988,58.0032,71.4995,5.5357,5.0256,6.0457,31.4819,27.1308,36.5307,1.5799,1.2991,1.8607,10.2995,7.9376,13.3642,7.6353,5.6564,10.3065,61.8757,55.6363,68.8148,9.2534,8.3119,10.1949,10.8554,8.4211,13.9933,52.9418,47.2965,59.2608
166,Melrose Park,IL,1165,25.4155,22.64,28.5311,65.3933,60.8744,70.2477,5.6213,5.2687,5.9739,30.297,27.2509,33.6835,1.5483,1.3542,1.7424,10.8695,9.0783,13.0141,5.6436,4.3948,7.2474,62.8564,58.4542,67.5902,9.5119,8.861,10.1628,11.4886,9.6875,13.6246,54.1082,49.9814,58.5757
170,Peoria,IL,783,29.7943,26.1685,33.9225,60.6909,55.4535,66.423,5.0014,4.5719,5.4308,21.5031,18.4668,25.0387,0.9834,0.7469,1.2198,6.9916,5.3233,9.1829,6.242,4.6843,8.3176,46.034,41.515,51.0449,7.9131,7.1203,8.7059,6.5511,4.9879,8.6042,34.2914,30.3665,38.7236
171,Rockford,IL,777,25.5907,22.2612,29.4182,59.2957,54.123,64.9629,4.8237,4.3927,5.2547,19.0546,16.2114,22.3965,0.8578,0.6205,1.0951,6.9619,5.3011,9.1431,5.6875,4.2283,7.6502,53.9619,49.0195,59.4026,8.7691,7.9735,9.5647,8.8636,7.0063,11.2132,41.286,36.9387,46.1449
172,Springfield,IL,1086,29.2879,26.2062,32.7321,62.2377,57.6949,67.1382,4.7972,4.4321,5.1623,17.3149,14.9945,19.9944,0.6561,0.4551,0.8571,7.3981,5.9116,9.2584,6.3097,4.9597,8.0271,44.7913,40.9783,48.959,7.7389,7.065,8.4128,5.905,4.6267,7.5366,30.7527,27.5935,34.2737
173,Urbana,IL,399,27.5909,22.9366,33.1895,63.0779,55.7792,71.3317,4.8447,4.2442,5.4452,17.1011,13.5247,21.6233,0.625,0.2944,0.9556,6.9984,4.8291,10.1422,7.0337,4.8833,10.131,44.4607,38.3301,51.5718,7.9464,6.8379,9.0549,6.9105,4.7686,10.0144,30.8503,25.8445,36.8257
175,Bloomington,IL,148,31.1426,23.3923,41.4605,66.6106,54.6915,81.1273,5.23,4.245,6.2149,20.6107,14.4908,29.3154,1.0567,0.5145,1.599,10.15,6.1159,16.8449,,,,48.7542,38.6299,61.532,7.9558,6.1376,9.7739,,,,36.9027,28.3255,48.0772
179,Evansville,IN,828,27.8092,24.438,31.6455,62.4893,57.3041,68.1437,4.6115,4.1938,5.0293,22.9463,19.9072,26.4493,0.8103,0.5803,1.0403,6.7912,5.2216,8.8326,6.9591,5.4069,8.957,48.7791,44.2269,53.7998,8.3779,7.6067,9.1491,5.3797,4.0135,7.2108,30.702,27.1683,34.6953
180,Fort Wayne,IN,767,20.6728,17.6727,24.1821,57.8219,52.6668,63.4816,4.2638,3.8301,4.6974,21.0587,18.0274,24.5996,0.8049,0.5661,1.0436,7.3968,5.6748,9.6413,5.3002,3.9132,7.179,59.0399,53.8514,64.7282,10.0352,9.2347,10.8357,7.6123,5.8935,9.8324,48.2306,43.5003,53.4753
181,Gary,IN,608,28.9019,24.9292,33.5076,65.1629,58.9933,71.9777,5.7261,5.2389,6.2133,26.8692,23.0518,31.3188,1.3073,1.039,1.5755,11.7125,9.3428,14.6832,8.414,6.3685,11.1164,58.0365,52.2372,64.4797,8.258,7.3585,9.1574,11.6995,9.2147,14.8542,44.9196,39.9734,50.4779
183,Indianapolis,IN,2561,26.5989,24.6595,28.6908,60.2532,57.2862,63.3738,4.5947,4.3552,4.8343,21.6906,19.9485,23.5848,0.9624,0.8305,1.0942,7.8185,6.7998,8.9897,5.2871,4.4733,6.2491,53.4047,50.6115,56.3521,9.0493,8.6071,9.4915,7.5091,6.5084,8.6637,42.5034,40.0176,45.1435
184,Lafayette,IN,170,28.3245,21.2762,37.7077,63.4632,52.5006,76.7149,4.5153,3.5963,5.4343,14.3172,9.5942,21.3652,0.4003,-0.1057,0.9063,11.0904,6.9838,17.6117,,,,45.5805,36.5548,56.8346,6.8222,5.1257,8.5186,8.0455,4.7629,13.5907,38.1025,29.8159,48.6922
185,Muncie,IN,189,28.3272,21.7428,36.9055,62.1036,51.9212,74.283,4.6394,3.7678,5.5111,25.4491,19.2283,33.6824,0.9658,0.4859,1.4456,11.7635,7.7415,17.8751,5.649,3.2061,9.9531,44.4646,35.8985,55.0747,7.7777,6.1686,9.3867,7.1798,4.2505,12.128,30.6513,23.5278,39.9315
186,Munster,IN,358,29.1848,24.0055,35.4814,66.7215,58.685,75.8587,6.0836,5.4498,6.7175,39.9549,33.8387,47.1766,2.2646,1.9156,2.6135,11.0269,8.018,15.1648,6.2764,4.0464,9.7353,56.3964,49.1369,64.7285,7.885,6.7149,9.055,13.4018,10.0618,17.8505,56.3879,49.1855,64.645
187,South Bend,IN,706,28.3784,24.6857,32.6235,60.7441,55.2497,66.7849,5.0336,4.5816,5.4857,21.8889,18.6813,25.6472,1.0747,0.8258,1.3236,6.1576,4.5473,8.338,7.4404,5.6774,9.7508,52.2536,47.1838,57.8681,8.5528,7.7183,9.3872,8.6599,6.7459,11.117,28.8943,25.1187,33.2375
188,Terre Haute,IN,255,33.1071,26.7886,40.916,68.7257,59.1961,79.7893,6.2348,5.4839,6.9857,30.4032,24.3744,37.9233,1.4885,1.075,1.9019,13.6866,9.818,19.0795,10.7562,7.4179,15.5968,41.9549,34.6432,50.8098,6.6794,5.2931,8.0656,7.0122,4.4152,11.1367,45.7014,38.3635,54.4428
190,Cedar Rapids,IA,267,16.899,12.6144,22.639,47.9644,40.3553,57.0083,3.3405,2.6069,4.0742,10.8939,7.5685,15.6802,0.3816,-0.0223,0.7855,,,,4.1256,2.2834,7.4542,72.0176,62.527,82.9487,13.3161,11.9618,14.6704,8.4379,5.6041,12.7047,27.4571,21.7176,34.7136
191,Davenport,IA,515,27.1802,23.0354,32.0707,60.6171,54.2469,67.7353,5.1281,4.5993,5.6569,19.1313,15.7041,23.3063,0.8012,0.5101,1.0923,6.7364,4.8102,9.4339,6.8381,4.9494,9.4476,59.0787,52.7829,66.1255,9.6993,8.7231,10.6755,8.6156,6.4281,11.5475,32.2709,27.7068,37.5868
192,Des Moines,IA,1034,21.4162,18.7628,24.4449,55.0131,50.6844,59.7115,4.4473,4.0735,4.8212,15.6419,13.397,18.2631,0.4718,0.266,0.6776,5.0538,3.8277,6.6725,6.0556,4.7432,7.7312,65.9505,61.1776,71.0957,11.4733,10.7832,12.1634,9.7568,8.0357,11.8464,41.1248,37.2676,45.3813
193,Dubuque,IA,98,21.676,14.1313,33.2489,58.7441,45.4111,75.992,4.4726,3.2628,5.6824,15.5875,9.396,25.8588,0.4191,-0.2469,1.0851,,,,,,,60.7807,47.2867,78.1252,9.8833,7.65,12.1165,10.954,6.0647,19.7851,27.9402,19.0215,41.0406
194,Iowa City,IA,280,27.0421,21.5587,33.9202,56.1561,48.0397,65.6439,4.1461,3.4296,4.8625,13.8925,10.1475,19.0196,0.3257,-0.0687,0.7201,6.7441,4.247,10.7095,,,,60.2984,51.8488,70.125,11.9398,10.6172,13.2623,5.9183,3.6774,9.5245,24.3557,19.1649,30.9526
195,Mason City,IA,202,7.0325,4.1645,11.8754,44.8874,36.5871,55.0708,2.7067,1.8636,3.5497,5.9999,3.407,10.5661,0.1173,-0.3469,0.5814,,,,,,,82.4961,70.9382,95.9371,14.4314,12.8751,15.9876,14.3334,10.0164,20.5109,26.0806,19.708,34.5138
196,Sioux City,IA,266,17.6905,13.3287,23.4797,54.4027,46.2753,63.9574,4.1214,3.3866,4.8563,17.1999,12.8799,22.9689,0.6922,0.2876,1.0967,5.7579,3.4699,9.5547,4.2247,2.398,7.4429,67.1967,58.006,77.8437,12.2071,10.8506,13.5636,7.7408,5.0448,11.8774,36.4917,29.8051,44.6785
197,Waterloo,IA,164,26.5755,19.7058,35.8402,54.063,43.9161,66.5543,3.518,2.5825,4.4535,15.5426,10.5004,23.0061,0.6047,0.0897,1.1198,12.2883,7.835,19.2729,,,,60.9369,50.1331,74.069,12.7483,11.0214,14.4752,6.6244,3.6674,11.9654,35.7186,27.4833,46.4217
200,Topeka,KS,436,23.2914,19.1948,28.2622,53.2308,46.8453,60.4866,4.1999,3.6255,4.7744,14.2833,11.1545,18.2898,0.342,0.0258,0.6583,7.452,5.2667,10.5439,5.6031,3.8119,8.2361,58.0887,51.3424,65.7213,10.9462,9.8857,12.0066,6.9682,4.8977,9.9139,29.1022,24.3275,34.8139
201,Wichita,KS,1218,25.2279,22.5299,28.2491,59.6508,55.4554,64.1636,4.9744,4.6296,5.3192,19.263,16.9276,21.9206,0.8026,0.6127,0.9924,6.7552,5.4061,8.4408,8.806,7.2688,10.6683,56.6097,52.5369,60.9982,9.8339,9.1974,10.4703,7.3503,5.9796,9.0353,29.5144,26.5542,32.8046
203,Covington,KY,300,25.2541,20.1326,31.6786,60.555,52.313,70.0955,5.3182,4.6259,6.0106,28.3471,22.9081,35.0773,1.6438,1.2627,2.025,10.4229,7.2825,14.9176,7.5934,5.0414,11.4374,62.4031,54.0774,72.0107,9.4955,8.2174,10.7735,9.2092,6.3543,13.3466,56.4971,48.6339,65.6316
204,Lexington,KY,1379,31.2789,28.449,34.3902,62.1748,58.1007,66.5346,5.2465,4.9215,5.5714,21.1162,18.826,23.6851,0.9129,0.734,1.0918,8.0581,6.6915,9.7039,4.6498,3.6598,5.9076,54.9376,51.123,59.0368,9.9511,9.3512,10.5509,5.9273,4.7679,7.3686,31.7114,28.9124,34.7814
205,Louisville,KY,1685,29.7085,27.1991,32.4494,61.7888,58.1052,65.706,5.1267,4.8325,5.421,25.5175,23.2057,28.0596,1.2548,1.0928,1.4168,9.4585,8.0915,11.0564,6.0198,4.9575,7.3098,51.5276,48.1785,55.1096,8.8275,8.2843,9.3707,5.6545,4.6189,6.9223,45.7491,42.6314,49.0948
207,Owensboro,KY,174,23.7143,17.5199,32.099,63.402,52.5834,76.4465,3.9769,3.0682,4.8856,15.71,10.8436,22.7603,0.6635,0.1633,1.1638,,,,,,,48.193,38.8562,59.7733,7.7728,6.0953,9.4502,7.3475,4.2639,12.661,33.6534,26.1223,43.3556
208,Paducah,KY,533,34.3017,29.6707,39.6555,65.2284,58.6864,72.4998,5.4366,4.9164,5.9567,22.4123,18.7576,26.779,0.7542,0.4678,1.0406,7.8993,5.8326,10.6981,4.3704,2.9265,6.5266,43.7777,38.4805,49.8041,7.7463,6.7861,8.7065,6.6743,4.8105,9.2602,30.2758,25.9921,35.2655
209,Alexandria,LA,289,35.1678,29.0314,42.6013,68.5697,59.6159,78.8683,5.6344,4.9287,6.34,18.4802,14.1822,24.0808,0.6496,0.2611,1.0381,7.4378,4.9813,11.1055,5.7759,3.5874,9.2995,51.4914,43.7446,60.61,9.3182,8.0156,10.6207,5.1309,3.0371,8.6682,34.6499,28.6067,41.9697
210,Baton Rouge,LA,622,28.2197,24.3797,32.6644,62.1187,56.2293,68.6249,5.4808,4.999,5.9626,20.4257,17.2004,24.2557,1.0824,0.8171,1.3477,6.5721,4.9175,8.7834,3.0218,1.9024,4.7999,56.5364,50.8406,62.8703,9.4912,8.6018,10.3807,7.415,5.4948,10.0063,46.5531,41.4517,52.2824
212,Houma,LA,258,37.1558,30.5004,45.2635,63.9579,54.8954,74.5166,5.4255,4.6791,6.1719,23.588,18.4195,30.2067,1.2217,0.8108,1.6326,12.2839,8.7701,17.2054,5.2601,3.113,8.8881,46.6057,38.9039,55.8322,7.6078,6.2299,8.9856,6.7081,4.168,10.7961,33.8477,27.5834,41.5347
213,Lafayette,LA,593,25.875,22.117,30.2714,62.1056,56.0552,68.8089,4.8485,4.3552,5.3418,19.1013,15.9146,22.9261,0.7082,0.4366,0.9798,7.6404,5.7689,10.1191,6.5316,4.7472,8.9868,60.2014,54.1943,66.8743,10.0875,9.1769,10.998,9.6914,7.4338,12.6347,32.2613,28.0534,37.1003
214,Lake Charles,LA,231,32.0089,25.5554,40.0921,65.1667,55.5185,76.4916,5.8125,5.0238,6.6012,18.5949,13.8334,24.9953,0.8466,0.4124,1.2809,9.9965,6.7503,14.8038,5.7546,3.4056,9.7236,53.8024,45.0452,64.262,8.5345,7.0786,9.9905,8.9782,5.7891,13.9241,44.179,36.5409,53.4137
216,Metairie,LA,313,27.3131,22.102,33.7529,59.879,51.8322,69.175,5.6482,4.9704,6.326,21.2872,16.7479,27.0568,1.2467,0.8736,1.6199,7.7509,5.234,11.4783,,,,59.6509,51.6338,68.9128,9.5661,8.3149,10.8173,7.8642,5.2681,11.7396,55.3856,47.9139,64.0226
217,Monroe,LA,313,31.5432,25.9427,38.3526,64.8194,56.435,74.4494,4.7059,4.0279,5.384,25.8157,20.8083,32.0282,1.1452,0.7719,1.5185,8.8727,6.2346,12.627,4.8389,2.9148,8.0331,48.8084,41.5573,57.3247,8.9375,7.6858,10.1892,4.418,2.564,7.6124,38.5948,32.4644,45.8829
218,New Orleans,LA,387,28.2238,23.4202,34.0126,59.0753,51.8814,67.2668,5.2859,4.6756,5.8962,20.2829,16.2823,25.2664,0.9901,0.6541,1.3261,7.8715,5.6186,11.0278,,,,56.9579,49.8284,65.1074,9.3276,8.201,10.4542,9.3121,6.6145,13.11,54.549,47.6509,62.4457
219,Shreveport,LA,707,28.2061,24.5745,32.3743,61.7778,56.2155,67.8906,5.0431,4.5909,5.4953,21.5938,18.4456,25.2793,0.7487,0.4997,0.9976,8.955,7.0761,11.3328,4.9348,3.5221,6.9141,54.788,49.521,60.6152,9.9127,9.078,10.7474,5.5672,4.0305,7.6899,40.4743,36.0882,45.3935
220,Slidell,LA,174,26.3191,19.7088,35.1465,63.3832,52.5258,76.485,6.3022,5.3938,7.2107,23.9649,17.7052,32.4376,1.1077,0.6076,1.6079,7.389,4.2886,12.7308,,,,66.9646,55.8122,80.3455,10.2109,8.5339,11.8879,6.9415,3.9405,12.228,41.5573,33.1316,52.1259
221,Bangor,ME,499,27.0251,22.8212,32.0033,58.3808,52.0822,65.4411,4.1724,3.6352,4.7096,15.1478,12.0935,18.9735,0.5948,0.2991,0.8905,5.6334,3.8611,8.2194,3.0848,1.8886,5.0387,36.7732,31.8315,42.482,6.7533,5.7617,7.745,4.058,2.6445,6.2271,35.7056,30.684,41.549
222,Portland,ME,1176,31.4259,28.3489,34.837,61.8193,57.4786,66.4877,4.8868,4.5359,5.2377,14.3221,12.3004,16.6761,0.482,0.2888,0.6752,5.3062,4.1079,6.854,5.3002,4.1433,6.7801,42.3305,38.7785,46.2077,7.5955,6.9477,8.2433,4.1409,3.1362,5.4676,33.6816,30.4322,37.278
223,Baltimore,MD,2498,29.8808,27.7806,32.1399,65.9172,62.7552,69.2385,5.5727,5.33,5.8154,27.3832,25.3763,29.5487,1.1357,1.0021,1.2693,10.097,8.9306,11.4157,6.6578,5.6732,7.8133,54.5294,51.6672,57.5502,8.2875,7.8395,8.7355,8.4218,7.3199,9.6894,51.0479,48.289,53.9645
225,Salisbury,MD,555,26.9133,22.9096,31.6166,58.6458,52.5524,65.4458,5.1171,4.6073,5.6269,21.2287,17.7277,25.421,1.0047,0.724,1.2854,9.4355,7.2192,12.3321,5.4066,3.7762,7.741,55.962,50.0404,62.5844,9.8015,8.8604,10.7426,7.7176,5.6986,10.452,50.5134,44.9961,56.7072
226,Takoma Park,MD,514,33.3987,28.7483,38.8012,64.2893,57.6974,71.6343,5.8757,5.3462,6.4052,25.6927,21.6516,30.488,1.1795,0.888,1.471,12.2322,9.5824,15.6146,10.1069,7.5852,13.467,48.9514,43.2216,55.4407,7.6332,6.6558,8.6107,8.6068,6.3559,11.6549,60.8371,54.3894,68.0492
227,Boston,MA,4418,31.8048,30.1274,33.5755,62.4294,60.0939,64.8555,5.317,5.1335,5.5005,19.1909,17.9065,20.5673,0.7719,0.6709,0.873,8.9782,8.0923,9.961,4.6753,4.0537,5.3922,49.1078,47.0658,51.2384,7.7039,7.3652,8.0427,8.009,7.2053,8.9023,57.6022,55.308,59.9916
230,Springfield,MA,691,28.1177,24.3719,32.4392,59.9376,54.4069,66.0305,5.0484,4.5916,5.5052,15.0188,12.3531,18.2597,0.55,0.2985,0.8015,7.295,5.4774,9.7156,3.3332,2.1933,5.0656,47.4766,42.6305,52.8736,8.3352,7.492,9.1783,5.7581,4.2211,7.8548,55.9435,50.5061,61.9663
231,Worcester,MA,452,29.5438,24.8842,35.0759,61.8189,54.9378,69.562,4.9159,4.3515,5.4803,16.4087,13.0403,20.6472,0.5583,0.2476,0.869,9.6652,7.1116,13.1359,2.9574,1.7162,5.0962,42.2501,36.6688,48.6809,7.4084,6.3665,8.4502,5.0448,3.3506,7.5958,50.2766,44.1116,57.3033
232,Ann Arbor,MI,1126,22.1463,19.5532,25.0832,60.8847,56.4601,65.6562,4.8096,4.4508,5.1684,26.5259,23.6694,29.7271,1.007,0.8094,1.2045,9.9325,8.236,11.9785,5.5618,4.3302,7.1437,66.4185,61.7874,71.3967,10.8145,10.1521,11.4768,12.1978,10.303,14.4411,49.4789,45.5333,53.7664
233,Dearborn,MI,654,29.6167,25.6568,34.1879,69.1051,62.9029,75.9188,6.2459,5.7759,6.716,34.669,30.3893,39.5513,1.7591,1.5003,2.0179,15.3664,12.5632,18.7951,5.5037,3.9081,7.7508,56.5398,51.042,62.6298,7.292,6.4244,8.1596,13.4283,10.869,16.5902,56.5449,51.2175,62.4263
234,Detroit,MI,2089,28.4441,26.2306,30.8444,70.156,66.5775,73.9267,6.2337,5.9677,6.4996,29.1887,26.9384,31.627,1.4744,1.328,1.6208,13.632,12.1785,15.2591,7.7876,6.5966,9.1937,59.2427,55.9452,62.7346,7.8048,7.3139,8.2957,14.3115,12.6783,16.155,62.0462,58.763,65.5128
235,Flint,MI,562,27.3895,23.4116,32.0432,67.2745,60.7788,74.4644,5.7783,5.2717,6.2849,27.2099,23.2552,31.8372,1.291,1.0121,1.5699,11.063,8.6818,14.0973,6.1335,4.3778,8.5934,65.9509,59.4827,73.1225,9.6076,8.6724,10.5428,12.4359,9.795,15.789,55.3656,49.689,61.6907
236,Grand Rapids,MI,838,17.7338,15.0816,20.8525,54.2209,49.4582,59.4422,3.9739,3.559,4.3889,20.6288,17.7492,23.9755,0.7693,0.5409,0.9978,6.5716,5.0171,8.6078,4.9297,3.6398,6.6767,69.7654,64.3407,75.6475,12.1347,11.3688,12.9007,10.1246,8.1887,12.5181,39.7411,35.5892,44.3775
238,Kalamazoo,MI,593,26.0442,22.2189,30.5282,59.8958,53.972,66.4698,4.4177,3.9247,4.9107,16.9556,13.9321,20.6353,0.6747,0.4033,0.9461,9.6165,7.3773,12.5352,6.8654,5.0311,9.3686,54.1743,48.5713,60.4236,8.7503,7.8403,9.6604,9.0017,6.8888,11.7626,39.5091,34.6852,45.0038
239,Lansing,MI,612,23.855,20.2519,28.0993,63.3968,57.3536,70.0768,5.036,4.5506,5.5214,19.0802,15.8981,22.8991,0.6078,0.3406,0.8751,8.9382,6.8228,11.7095,4.2428,2.8863,6.2369,61.9204,55.9866,68.4833,9.4553,8.5592,10.3513,9.2145,7.1015,11.9562,47.0621,41.9079,52.8501
240,Marquette,MI,243,24.2835,18.8099,31.35,55.3791,46.8044,65.5247,4.111,3.3422,4.8799,12.6613,8.9022,18.0077,0.3297,-0.0936,0.753,6.3498,3.8265,10.5371,,,,50.8798,42.6611,60.6819,8.8841,7.4648,10.3034,8.8189,5.8039,13.4,27.2892,21.3548,34.8727
242,Muskegon,MI,252,18.2421,13.6614,24.3586,52.9324,44.7381,62.6277,3.5748,2.82,4.3297,17.8992,13.3614,23.9782,0.4482,0.0327,0.8638,5.6926,3.3704,9.6148,6.9343,4.3666,11.0119,59.9051,51.0926,70.2376,10.8754,9.482,12.2688,9.7893,6.612,14.4934,41.5585,34.0519,50.7197
243,Petoskey,MI,177,18.906,13.5062,26.4646,57.6086,47.4847,69.891,3.9754,3.0748,4.876,19.5531,14.0355,27.2397,0.6998,0.2039,1.1956,,,,,,,66.317,55.3594,79.4435,11.3355,9.6729,12.998,9.8759,6.2193,15.6822,35.6478,27.7865,45.7332
244,Pontiac,MI,393,23.1462,18.8408,28.4355,69.4007,61.5953,78.1953,6.3285,5.7233,6.9336,21.5949,17.452,26.7213,1.2917,0.9585,1.6248,14.0123,10.7483,18.2674,4.3344,2.6925,6.9774,64.7138,57.2094,73.2025,8.676,7.5589,9.793,14.8397,11.4623,19.2122,61.9734,54.6674,70.2558
245,Royal Oak,MI,700,25.3522,21.85,29.4158,69.4161,63.4353,75.9609,6.3584,5.9042,6.8127,25.3754,21.8764,29.4339,1.2798,1.0297,1.5299,13.9058,11.3589,17.0238,8.5626,6.5654,11.1674,67.9689,62.0921,74.4019,8.5256,7.6871,9.3642,17.9938,15.0687,21.4866,66.2428,60.5595,72.4596
246,Saginaw,MI,907,22.5418,19.6666,25.8372,58.9104,54.1001,64.1485,4.7929,4.3935,5.1923,21.3844,18.5916,24.5968,0.7675,0.5476,0.9873,7.9447,6.3093,10.0042,4.0885,2.9836,5.6025,62.116,57.1466,67.5176,9.3829,8.6456,10.1202,11.9867,9.9309,14.4682,42.3491,38.3623,46.7502
248,St. Joseph,MI,149,21.0973,14.9163,29.8395,54.7395,44.0798,67.977,4.1355,3.1539,5.117,17.8241,12.2205,25.9971,0.7647,0.2243,1.3051,8.3374,4.8389,14.3653,,,,64.2711,52.5549,78.5993,11.2319,9.42,13.0438,11.6173,7.2186,18.6963,38.3277,29.5576,49.7
249,Traverse City,MI,274,27.8926,22.3347,34.8337,59.9578,51.511,69.7898,4.3045,3.5803,5.0287,21.3547,16.5753,27.5123,0.9329,0.5343,1.3316,8.407,5.5836,12.6581,6.6416,4.2816,10.3026,53.4856,45.4686,62.9162,8.6969,7.3601,10.0337,8.8448,5.9733,13.0967,41.0836,34.0706,49.5402
250,Duluth,MN,424,22.2677,18.1668,27.2944,55.9477,49.2758,63.523,4.1577,3.5752,4.7402,14.8073,11.5409,18.9982,0.4073,0.0866,0.728,5.7915,3.8467,8.7194,5.4067,3.5903,8.1422,49.7999,43.5459,56.9521,9.4146,8.3393,10.4899,6.2108,4.257,9.0614,36.7542,31.2582,43.2166
251,Minneapolis,MN,1950,23.5973,21.5195,25.8757,55.236,52.0394,58.629,4.044,3.7709,4.3171,14.5524,12.9418,16.3634,0.4131,0.2627,0.5635,3.851,3.0494,4.8632,4.4713,3.6278,5.5109,53.2574,50.112,56.6002,9.805,9.3009,10.3092,6.4715,5.4438,7.6933,41.4501,38.5611,44.5555
253,Rochester,MN,387,21.4041,17.2105,26.6194,54.4248,47.5908,62.2402,3.5184,2.9088,4.128,20.8106,16.6864,25.954,0.6134,0.2778,0.949,,,,3.1436,1.7401,5.6792,57.006,49.9979,64.9965,10.7522,9.6269,11.8775,8.2105,5.8336,11.5561,42.6634,36.3814,50.03
254,St. Cloud,MN,161,21.1423,15.0282,29.7439,57.5863,47.0407,70.4961,4.2496,3.3054,5.1937,13.375,8.7192,20.5169,0.2385,-0.2813,0.7583,,,,,,,49.1509,39.5276,61.1171,8.629,6.8861,10.3719,,,,43.2777,33.802,55.4096
256,St. Paul,MN,535,19.4683,16.0741,23.5792,55.5253,49.5923,62.168,3.8828,3.3641,4.4016,21.2666,17.6931,25.5619,0.7271,0.4415,1.0127,4.6516,3.1163,6.9432,3.4091,2.1731,5.348,60.7497,54.4868,67.7325,11.1647,10.2071,12.1222,7.4785,5.5031,10.163,47.7387,42.0494,54.1978
257,Gulfport,MS,192,38.9051,31.1062,48.6592,62.6613,52.3858,74.9524,6.3517,5.4867,7.2167,29.3324,22.6679,37.9563,1.8471,1.3709,2.3233,11.0763,7.3556,16.6791,,,,47.6031,38.7107,58.5383,9.6757,8.079,11.2724,,,,36.0297,28.5904,45.4046
258,Hattiesburg,MS,287,36.6828,30.418,44.2379,59.7508,51.4897,69.3372,5.3644,4.6566,6.0722,11.7437,8.4295,16.3609,0.4377,0.0481,0.8274,6.3213,4.0758,9.8039,4.6212,2.7351,7.8079,53.4741,45.5562,62.7682,11.2772,9.9706,12.5837,3.9781,2.2022,7.1862,36.0176,29.683,43.7041
259,Jackson,MS,1005,35.8084,32.3235,39.669,64.1556,59.395,69.2977,5.8671,5.487,6.2473,17.3558,14.9852,20.1014,0.8565,0.6473,1.0658,8.8904,7.3101,10.8122,7.9051,6.302,9.9161,54.5309,50.0712,59.3879,9.7962,9.0945,10.4979,5.5823,4.2495,7.3332,34.7178,31.1965,38.6366
260,Meridian,MS,234,35.4536,28.7204,43.7654,60.2076,51.0624,70.9907,5.8629,5.0789,6.647,14.2001,10.1917,19.7852,0.3627,-0.0689,0.7943,7.0304,4.4808,11.0307,7.4041,4.5319,12.0967,52.2808,43.6043,62.6839,10.292,8.8447,11.7392,5.9575,3.4573,10.2659,39.3221,32.2136,47.9992
261,Oxford,MS,144,42.0026,32.7993,53.7881,67.9392,55.7802,82.7485,6.2422,5.2435,7.2409,18.0336,12.3632,26.3047,0.8914,0.3416,1.4412,10.0119,6.1294,16.3535,,,,39.4893,30.3131,51.4434,7.4126,5.569,9.2561,,,,32.6323,24.585,43.3137
262,Tupelo,MS,414,41.9027,36.1607,48.5564,63.3093,56.1144,71.4268,5.6708,5.0812,6.2604,19.9146,16.0941,24.6419,0.8774,0.5528,1.202,6.9461,4.8816,9.8838,8.7175,6.3097,12.0442,45.8819,39.7464,52.9645,9.0335,7.9451,10.1219,2.9912,1.6981,5.269,32.3553,27.3064,38.3378
263,Cape Girardeau,MO,308,27.0052,21.7419,33.5426,58.4219,50.4497,67.654,4.9554,4.2721,5.6387,21.1627,16.5891,26.9972,0.7954,0.4192,1.1716,4.9868,3.0049,8.276,5.5458,3.4449,8.9278,56.568,48.7663,65.6178,9.2795,8.0181,10.5408,7.7428,5.1866,11.559,31.5704,25.8387,38.5736
264,Columbia,MO,735,30.0929,26.3929,34.3115,61.5277,56.1142,67.4634,4.8787,4.4356,5.3219,20.9284,17.8792,24.4976,0.9342,0.6902,1.1782,4.9827,3.5916,6.9125,3.856,2.6771,5.5542,45.5738,40.9139,50.7644,8.3642,7.5461,9.1823,5.3611,3.9296,7.3139,31.4265,27.5967,35.7879
267,Joplin,MO,406,30.5074,25.6258,36.3189,61.754,54.5799,69.8711,4.4413,3.8458,5.0369,17.6532,14.0286,22.2145,0.4888,0.161,0.8167,6.6844,4.5809,9.7537,5.1803,3.4392,7.8028,51.3426,44.7916,58.8518,9.3937,8.2943,10.493,8.163,5.8282,11.433,24.084,19.7315,29.3965
268,Kansas City,MO,1972,26.9912,24.7695,29.4121,61.2236,57.8331,64.8128,4.9705,4.6985,5.2426,26.1129,23.9278,28.4976,1.2483,1.0985,1.398,6.5076,5.4582,7.7587,4.6514,3.7816,5.7213,57.3886,54.1122,60.8635,9.9826,9.4804,10.4849,6.9651,5.8837,8.2452,48.9312,45.8874,52.1769
270,Springfield,MO,859,26.8999,23.6532,30.5922,55.9381,51.178,61.1409,4.4612,4.0511,4.8712,16.1803,13.7117,19.0933,0.5904,0.3646,0.8161,5.9852,4.5328,7.9029,4.331,3.1611,5.9339,54.3354,49.608,59.5132,10.4225,9.6656,11.1795,5.63,4.2638,7.4339,24.3117,21.1574,27.9363
273,St. Louis,MO,3096,28.8026,26.9447,30.7886,63.5262,60.7348,66.4459,5.3726,5.1544,5.5908,25.8128,24.0557,27.6983,1.1587,1.0386,1.2789,9.7664,8.7111,10.9495,6.3674,5.5156,7.3509,55.1049,52.5137,57.8239,8.7189,8.316,9.1217,9.9583,8.8816,11.1655,40.6182,38.4083,42.9554
274,Billings,MT,532,28.5631,24.3928,33.4463,59.3683,53.2305,66.2139,4.0468,3.5266,4.5671,15.941,12.8993,19.7,0.3739,0.0874,0.6603,5.2184,3.5767,7.6136,4.6335,3.1749,6.7622,42.7708,37.5559,48.7098,7.9374,6.977,8.8978,4.7126,3.207,6.9252,25.522,21.4268,30.3999
275,Great Falls,MT,168,18.941,13.3916,26.7901,51.5722,41.7915,63.6419,4.1353,3.2108,5.0599,14.7716,9.9789,21.8664,0.6287,0.1197,1.1377,,,,6.1306,3.3928,11.0776,59.553,48.9441,72.4615,10.9242,9.2175,12.6308,,,,26.0366,19.3057,35.1142
276,Missoula,MT,354,26.293,21.4974,32.1584,58.5182,51.1555,66.9407,3.8399,3.2027,4.4771,18.9047,14.9011,23.9841,0.7612,0.4104,1.112,6.6356,4.4075,9.9901,8.2251,5.8116,11.6409,43.5067,37.1446,50.9586,7.9119,6.7357,9.0882,4.8863,3.0773,7.7585,20.9092,16.5112,26.4787
277,Lincoln,NE,532,22.7968,19.0279,27.3123,58.8096,52.6414,65.7005,4.278,3.7579,4.7981,16.0439,12.9344,19.9009,0.6202,0.3339,0.9066,4.9034,3.2852,7.3187,4.4129,2.9306,6.6449,51.6435,45.9258,58.0731,8.4888,7.5287,9.4488,6.98,5.0762,9.5977,34.1502,29.4006,39.6672
278,Omaha,NE,1179,29.2604,26.3116,32.5397,62.0916,57.7416,66.7693,5.0745,4.7241,5.4248,21.811,19.2894,24.6623,1.2137,1.0208,1.4066,7.149,5.7525,8.8845,6.9806,5.629,8.6567,50.229,46.332,54.4538,7.9369,7.2901,8.5837,7.4612,6.056,9.1925,42.7707,39.1415,46.7365
279,Las Vegas,NV,960,27.4202,24.2953,30.947,63.4668,58.5756,68.7664,5.4702,5.0818,5.8585,32.6968,29.2696,36.5253,1.798,1.5842,2.0118,14.5693,12.3556,17.1796,6.5772,5.1688,8.3692,58.6267,53.944,63.7159,8.7247,8.0078,9.4415,12.1803,10.1407,14.6303,53.8619,49.4657,58.6488
280,Reno,NV,526,30.3586,25.9911,35.4601,59.766,53.5607,66.6903,4.1886,3.6654,4.7117,23.2954,19.5136,27.81,0.9792,0.6912,1.2672,7.2113,5.1987,10.0031,5.7032,4.0075,8.1163,45.9882,40.5562,52.1476,7.8326,6.8669,8.7984,6.9615,5.0623,9.5731,39.8165,34.5781,45.8486
281,Lebanon,NH,443,23.8614,19.771,28.798,54.8836,48.4872,62.1238,3.8437,3.2738,4.4135,12.3313,9.4873,16.028,0.2425,-0.0712,0.5562,5.9328,4.0375,8.718,5.0479,3.4083,7.4762,41.1026,35.538,47.5386,7.6305,6.5786,8.6824,4.326,2.7897,6.7084,36.1083,30.7431,42.4098
282,Manchester,NH,776,27.4029,23.9181,31.3954,58.4929,53.3378,64.1461,4.5912,4.16,5.0224,17.3172,14.5949,20.5473,0.7072,0.4698,0.9446,8.6548,6.7557,11.0878,3.7924,2.6493,5.4286,51.7995,46.9954,57.0946,8.3927,7.5967,9.1887,8.0926,6.329,10.3475,44.3012,39.7513,49.3719
283,Camden,NJ,3257,31.7049,29.7622,33.7744,64.088,61.3175,66.9836,6.1579,5.9446,6.3713,31.9171,29.9689,33.992,1.9195,1.802,2.037,11.2598,10.1169,12.5318,7.6188,6.6685,8.7045,54.9026,52.3848,57.5414,8.2488,7.8549,8.6427,9.9186,8.867,11.0949,66.4193,63.6342,69.3263
284,Hackensack,NJ,1352,39.7592,36.4298,43.3928,67.8314,63.484,72.4765,6.5846,6.2569,6.9124,21.5042,19.1099,24.1985,0.9955,0.8151,1.176,14.1154,12.1594,16.3861,7.4886,6.0821,9.2203,45.9348,42.4662,49.6866,7.0898,6.4848,7.6949,8.6534,7.1992,10.4013,60.773,56.7901,65.0352
285,Morristown,NJ,948,33.1948,29.6668,37.1424,61.7595,56.9157,67.0155,5.6189,5.2286,6.0093,26.5747,23.4397,30.1291,1.2891,1.0741,1.504,9.7165,7.8774,11.9849,9.0784,7.3213,11.2573,52.2177,47.8247,57.0141,7.8472,7.1266,8.5677,9.9714,8.1388,12.2166,59.9503,55.1517,65.1664
288,New Brunswick,NJ,1010,39.4865,35.6989,43.676,67.4078,62.4428,72.7675,6.9972,6.6186,7.3759,33.4118,29.9559,37.2665,1.9617,1.7532,2.1702,12.7227,10.625,15.2345,9.5753,7.7488,11.8325,45.428,41.4614,49.7742,6.648,5.949,7.3469,8.6768,7.0246,10.7177,61.2154,56.6146,66.19
289,Newark,NJ,1325,41.1406,37.7475,44.8388,65.8466,61.524,70.4728,7.1374,6.8059,7.4689,31.899,28.9396,35.1611,1.7423,1.5598,1.9248,13.8749,12.0077,16.0324,10.5768,8.8207,12.6826,44.1955,40.7298,47.9562,6.3709,5.7589,6.9828,8.78,7.2613,10.6162,61.8433,57.8023,66.1669
291,Paterson,NJ,353,33.7424,28.0514,40.588,62.7791,54.913,71.772,6.3188,5.6805,6.957,22.4158,17.8962,28.0768,1.3898,1.0384,1.7412,11.8909,8.7162,16.2219,5.8706,3.6965,9.3235,51.3052,44.3928,59.294,7.3456,6.1674,8.5239,8.4998,5.9034,12.2383,55.6693,48.4782,63.9272
292,Ridgewood,NJ,448,42.7506,36.9681,49.4377,68.1107,60.774,76.3332,7.0855,6.5186,7.6523,23.2427,19.0979,28.2871,1.4427,1.1307,1.7548,10.4168,7.72,14.0557,7.9534,5.6493,11.1974,42.1193,36.5553,48.5302,6.7298,5.6834,7.7762,5.6223,3.7969,8.3252,67.6589,60.4786,75.6918
293,Albuquerque,NM,806,27.0254,23.6421,30.893,59.7736,54.6851,65.3356,4.5841,4.1611,5.007,19.0932,16.2802,22.3923,0.8034,0.5706,1.0363,6.9338,5.2939,9.0818,4.7702,3.4961,6.5087,55.5615,50.6649,60.9314,9.5531,8.7723,10.3339,8.5937,6.8051,10.8523,35.6082,31.5716,40.161
295,Albany,NY,1979,30.1373,27.7729,32.703,60.9812,57.601,64.5598,5.4548,5.1834,5.7262,16.5348,14.8138,18.4558,0.6713,0.5219,0.8207,8.848,7.5897,10.3151,6.2928,5.261,7.527,54.5613,51.39,57.9282,8.9368,8.4358,9.4379,8.3776,7.1893,9.7623,56.4575,53.1792,59.9379
296,Binghamton,NY,484,28.1705,23.7744,33.3794,60.4332,53.8936,67.7663,5.4912,4.9459,6.0365,12.7045,9.882,16.3333,0.4891,0.1889,0.7893,6.9819,4.9346,9.8785,6.037,4.1919,8.6943,53.0289,46.9375,59.9108,8.6379,7.6313,9.6446,9.0886,6.7814,12.1809,40.9098,35.4878,47.16
297,Bronx,NY,648,38.1315,33.6306,43.2348,61.8002,55.984,68.2207,6.7734,6.3014,7.2455,18.4748,15.428,22.1233,1.0134,0.7535,1.2733,13.4889,11.0046,16.534,5.911,4.2194,8.2807,20.9739,17.7141,24.8334,3.9112,3.0398,4.7827,,,,58.4437,52.8605,64.6165
299,Buffalo,NY,1057,31.5307,28.2656,35.173,59.9947,55.4582,64.9023,5.5882,5.2181,5.9583,18.7362,16.2732,21.572,0.6766,0.4728,0.8803,8.043,6.4711,9.9967,6.0992,4.7301,7.8647,48.4819,44.4579,52.8702,7.7578,7.0746,8.4409,8.2028,6.6335,10.1435,43.6444,39.8123,47.8453
300,Elmira,NY,465,37.17,31.8954,43.3169,64.6303,57.645,72.4621,6.3472,5.7906,6.9037,19.1505,15.4957,23.6674,0.7345,0.4281,1.0408,7.5412,5.3295,10.6709,6.5265,4.472,9.5249,34.2527,29.3574,39.9642,5.7216,4.6943,6.749,5.3377,3.6045,7.9042,44.7662,39.0477,51.3223
301,East Long Island,NY,4075,42.542,40.4916,44.6962,64.6163,62.1233,67.2093,6.8467,6.6556,7.0377,20.8483,19.4443,22.3537,1.132,1.0269,1.2372,13.7842,12.6243,15.0507,6.1954,5.4283,7.0708,41.4648,39.5222,43.5028,6.5462,6.1936,6.8988,6.902,6.1233,7.7797,67.577,65.0175,70.2371
303,Manhattan,NY,3283,46.7109,44.3387,49.21,66.652,63.8406,69.5871,7.2936,7.0812,7.506,18.7866,17.3247,20.3718,0.9208,0.8038,1.0377,18.2265,16.7695,19.81,5.8336,4.9985,6.8082,31.3422,29.4682,33.3354,5.2215,4.8294,5.6135,4.4621,3.7738,5.2761,62.5075,59.8249,65.3105
304,Rochester,NY,769,25.3745,22.01,29.2533,58.0788,52.911,63.7514,5.0692,4.636,5.5024,17.2739,14.5393,20.5229,0.6304,0.3919,0.8689,6.1999,4.626,8.3094,3.7077,2.5407,5.4108,58.5992,53.4376,64.2594,8.9221,8.1224,9.7218,12.6975,10.4062,15.4933,35.7751,31.7175,40.3518
307,Syracuse,NY,1132,37.4304,33.9715,41.2415,60.1788,55.793,64.9094,5.7101,5.3524,6.0677,15.3722,13.2199,17.8748,0.6707,0.4738,0.8676,7.3253,5.8621,9.1537,6.0241,4.7437,7.65,41.5017,37.9269,45.4134,7.6182,6.9581,8.2784,4.6353,3.5386,6.072,44.0202,40.2442,48.1505
308,White Plains,NY,1023,37.8644,34.1833,41.9419,60.0936,55.4415,65.136,6.4145,6.0382,6.7907,20.3007,17.6628,23.3325,1.0178,0.8107,1.225,9.093,7.3708,11.2176,7.6038,6.0082,9.6233,37.1078,33.5644,41.0251,6.1978,5.5033,6.8923,4.9273,3.721,6.5246,58.4541,53.9721,63.3083
309,Asheville,NC,699,21.071,17.929,24.7637,55.2399,50.0146,61.0111,4.2302,3.776,4.6843,16.5563,13.7959,19.8689,0.6725,0.4225,0.9226,5.6079,4.078,7.7118,3.2731,2.1922,4.887,61.7985,56.239,67.9076,11.2855,10.4472,12.1239,7.7066,5.9125,10.0453,35.9133,31.616,40.7947
311,Charlotte,NC,1700,28.5165,26.096,31.1615,57.2229,53.7236,60.9502,5.2014,4.9086,5.4942,24.5666,22.3257,27.0324,1.2456,1.0844,1.4068,8.2786,7.0402,9.7349,5.023,4.0694,6.2001,58.37,54.7996,62.173,11.1385,10.598,11.6789,6.3963,5.2862,7.7396,45.2549,42.1439,48.5956
312,Durham,NC,1258,32.2575,29.2765,35.5421,58.8944,54.8004,63.2943,5.2573,4.9175,5.597,18.8177,16.5781,21.3598,0.7739,0.5868,0.9609,9.2279,7.7329,11.012,6.3087,5.0385,7.8992,49.4959,45.7089,53.5967,9.3555,8.7283,9.9827,5.8923,4.665,7.4425,37.2562,33.9772,40.8516
313,Greensboro,NC,440,34.0737,29.0697,39.9391,57.7055,51.0665,65.2077,5.0066,4.4348,5.5784,20.5969,16.7841,25.2758,0.9593,0.6445,1.2741,6.4144,4.455,9.2355,5.0054,3.2935,7.6072,55.9525,49.3439,63.4461,11.1347,10.0792,12.1902,5.9803,4.0698,8.7875,35.8614,30.5965,42.0322
314,Greenville,NC,823,36.6401,32.7645,40.974,62.9966,57.811,68.6472,5.6757,5.2566,6.0948,24.3351,21.2149,27.9142,1.1598,0.929,1.3905,8.8424,7.1037,11.0067,5.2281,3.8861,7.0336,43.373,39.0522,48.172,7.8967,7.1231,8.6704,4.1989,2.9832,5.9102,34.3855,30.5758,38.6699
315,Hickory,NC,269,23.6861,18.5698,30.2121,52.6689,44.7505,61.9885,4.4691,3.7383,5.1999,17.2403,12.95,22.952,0.7622,0.3599,1.1646,,,,,,,64.135,55.2218,74.4869,12.51,11.161,13.859,6.9256,4.4156,10.8623,35.9306,29.2503,44.1367
318,Raleigh,NC,1339,35.2849,32.2561,38.5981,63.3687,59.2279,67.799,5.3448,5.0153,5.6743,22.6989,20.2979,25.384,0.8546,0.6732,1.036,9.3229,7.8732,11.0395,8.4215,6.9958,10.1377,49.8371,46.1475,53.8217,9.3664,8.7582,9.9747,6.1126,4.8911,7.6392,41.8418,38.5016,45.4717
319,Wilmington,NC,420,28.3141,23.7508,33.7541,60.1143,53.1948,67.9339,4.8356,4.2501,5.4211,13.6148,10.5671,17.5415,0.3241,0.0017,0.6464,7.1472,5.0772,10.0611,4.7234,3.077,7.2505,62.0333,54.8394,70.1709,11.1764,10.0956,12.2572,7.7585,5.4828,10.9787,42.087,36.2765,48.8283
320,Winston-Salem,NC,913,32.73,29.2344,36.6436,58.8286,54.0709,64.005,5.2295,4.8317,5.6272,20.7805,18.0365,23.942,0.8288,0.6098,1.0477,7.5796,6.0013,9.573,3.7935,2.7338,5.2639,52.7243,48.1931,57.6816,10.2871,9.5529,11.0213,5.267,3.9665,6.9939,39.7378,35.7893,44.122
321,Bismarck,ND,262,22.5514,17.4301,29.1774,61.4221,52.622,71.6938,4.0469,3.3063,4.7874,10.1525,6.9111,14.9141,0.1813,-0.2264,0.5889,4.5381,2.5123,8.1974,,,,34.75,28.3236,42.6345,5.6655,4.2985,7.0324,5.992,3.6694,9.7848,36.9003,30.1058,45.2282
322,Fargo/Moorhead MN,ND,485,26.3885,22.1825,31.3919,55.1211,48.9009,62.1325,4.4361,3.8912,4.981,14.5818,11.5514,18.4072,0.5292,0.2292,0.8291,4.7385,3.1184,7.2002,6.1622,4.3045,8.8216,50.4707,44.5194,57.2176,9.5278,8.522,10.5336,4.0085,2.5848,6.2163,33.569,28.7402,39.2092
323,Grand Forks,ND,162,29.2612,21.9801,38.9541,54.7366,44.462,67.3854,4.0942,3.1529,5.0356,12.5204,8.076,19.4104,0.3965,-0.1218,0.9147,,,,,,,41.1789,32.4059,52.327,7.4265,5.6888,9.1643,,,,32.0919,24.3182,42.3505
324,Minot,ND,136,29.4206,21.492,40.2742,59.1912,47.6028,73.6006,4.4204,3.3932,5.4476,11.9981,7.3494,19.5874,0.2563,-0.3092,0.8218,,,,12.606,7.8325,20.2887,41.1121,31.7088,53.3039,5.73,3.8339,7.6261,,,,24.1039,16.9491,34.2789
325,Akron,OH,592,21.4048,17.9813,25.4802,63.888,57.7463,70.683,4.8837,4.3903,5.3771,21.7061,18.2574,25.8063,0.7257,0.454,0.9973,5.5517,3.9444,7.814,5.4831,3.874,7.7605,65.9933,59.7326,72.9103,9.5275,8.6168,10.4383,11.2784,8.8533,14.3677,48.9752,43.6302,54.975
326,Canton,OH,547,27.4081,23.3206,32.212,61.6642,55.3883,68.6512,5.1151,4.6019,5.6282,30.2529,25.9462,35.2745,1.5521,1.2696,1.8347,9.2896,7.0157,12.3005,6.2856,4.4871,8.8051,50.2377,44.645,56.531,8.6823,7.735,9.6296,8.3373,6.2403,11.139,45.1002,39.7948,51.113
327,Cincinnati,OH,1351,17.8447,15.7239,20.2517,61.2779,57.2192,65.6246,4.6623,4.3344,4.9901,24.6126,22.0924,27.4203,1.1285,0.9481,1.309,10.2616,8.6832,12.1268,6.2606,5.0474,7.7654,71.0748,66.68,75.7592,10.8377,10.2325,11.4429,15.1052,13.139,17.3658,48.4785,44.8558,52.3938
328,Cleveland,OH,2249,22.8851,20.9644,24.9817,58.8702,55.7352,62.1816,5.0032,4.748,5.2585,26.2413,24.1749,28.4842,1.2175,1.077,1.358,9.0596,7.8847,10.4096,3.6687,2.9217,4.6067,64.1521,60.8813,67.5986,10.4236,9.9524,10.8947,11.0189,9.6929,12.5263,51.2308,48.3368,54.298
329,Columbus,OH,2609,26.245,24.3275,28.3136,60.0755,57.1321,63.1705,4.7873,4.5501,5.0245,22.1678,20.4132,24.0731,1.0257,0.8951,1.1563,9.6688,8.5305,10.9589,4.4811,3.7401,5.3689,56.7399,53.8909,59.7395,9.4805,9.0426,9.9184,8.2557,7.2114,9.4514,44.888,42.3688,47.5571
330,Dayton,OH,1019,25.3424,22.4189,28.6473,59.3657,54.7848,64.3296,4.9609,4.584,5.3378,23.5933,20.7864,26.7792,1.2163,1.0088,1.4238,11.3181,9.4304,13.5837,6.6035,5.1903,8.4015,56.1047,51.6627,60.9285,9.1216,8.4259,9.8173,9.4582,7.727,11.5774,46.8228,42.8119,51.2096
331,Elyria,OH,236,20.0643,15.0252,26.7935,59.9012,50.6876,70.7895,5.1392,4.359,5.9194,31.087,24.6663,39.179,1.6305,1.201,2.06,12.569,8.7291,18.0982,5.406,3.0684,9.5244,68.2978,58.5379,79.6848,11.2151,9.7748,12.6553,11.2182,7.6338,16.4857,56.3353,47.7181,66.5085
332,Kettering,OH,334,23.4764,18.7981,29.319,62.4472,54.4822,71.5765,4.7709,4.1147,5.4271,25.7375,20.8256,31.808,1.1059,0.7447,1.4672,12.2465,8.9764,16.708,4.5044,2.7137,7.4767,64.1033,56.0511,73.3124,9.9434,8.7321,11.1547,12.7565,9.4533,17.2139,48.0677,41.2303,56.0389
334,Toledo,OH,930,23.7262,20.7533,27.125,60.1514,55.3052,65.4223,4.6323,4.2379,5.0267,24.5032,21.4814,27.95,0.9259,0.7087,1.143,7.697,6.0733,9.7547,5.2645,3.9507,7.0151,64.1708,59.2114,69.5455,10.8563,10.1283,11.5844,8.9904,7.2425,11.1602,48.5029,44.2513,53.1631
335,Youngstown,OH,767,29.2182,25.5801,33.3738,62.5717,57.1493,68.5086,5.3681,4.9341,5.8021,20.9614,17.9248,24.5123,0.918,0.679,1.1569,8.6547,6.7676,11.0679,5.4741,3.9953,7.5001,50.9894,46.1674,56.315,8.5148,7.7137,9.316,7.9077,6.1342,10.1938,48.6542,43.991,53.8118
336,Lawton,OK,243,26.398,20.6939,33.6745,56.4265,47.687,66.7676,4.5944,3.8253,5.3636,17.7488,13.2036,23.8588,1.0276,0.6042,1.4511,5.6182,3.3256,9.4914,6.8962,4.3409,10.9557,55.626,46.9507,65.9041,11.1684,9.7486,12.5883,6.5799,4.0288,10.7465,21.8421,16.7651,28.4567
339,Oklahoma City,OK,1664,33.3028,30.6271,36.2122,61.178,57.5033,65.0876,5.3814,5.0855,5.6774,20.051,18.0055,22.3288,0.9518,0.7888,1.1147,9.3422,7.9694,10.9516,7.3503,6.1643,8.7646,51.863,48.484,55.4775,9.9817,9.4354,10.528,5.0169,4.0466,6.2199,27.6005,25.1811,30.2525
340,Tulsa,OK,1179,30.652,27.6338,33.9998,61.8227,57.4776,66.4963,5.0951,4.7445,5.4457,19.5191,17.1465,22.22,0.7673,0.5743,0.9604,8.9311,7.361,10.8361,6.2432,4.9714,7.8403,55.492,51.3802,59.9329,10.3707,9.7235,11.0179,6.4671,5.1676,8.0935,37.3511,33.9733,41.0646
341,Bend,OR,122,17.6566,11.6242,26.8195,55.4576,43.8705,70.105,3.1211,2.0366,4.2056,10.5419,6.1203,18.1579,0.1728,-0.4242,0.7699,,,,,,,73.0585,59.345,89.9411,11.626,9.624,13.6279,9.4093,5.3417,16.5743,18.8718,12.303,28.9476
342,Eugene,OR,530,26.5745,22.5488,31.3189,56.2524,50.2694,62.9474,3.7881,3.267,4.3093,19.1277,15.7623,23.2115,0.6735,0.3865,0.9604,5.5778,3.8739,8.031,3.3098,2.1097,5.1927,57.7241,51.593,64.5837,10.2037,9.2416,11.1658,7.3088,5.3578,9.9702,19.6026,16.0776,23.9005
343,Medford,OR,430,24.5894,20.3201,29.7556,55.7317,49.1365,63.2122,3.9933,3.4149,4.5718,17.2278,13.7128,21.6438,0.6819,0.3634,1.0004,7.0595,4.903,10.1646,4.0527,2.5516,6.437,58.9273,52.1206,66.6229,10.389,9.3211,11.4568,6.7386,4.7087,9.6435,23.4553,19.1977,28.657
344,Portland,OR,1021,20.2259,17.6428,23.1871,56.241,51.8553,60.9976,3.9661,3.5899,4.3423,15.9075,13.6375,18.5554,0.4654,0.2583,0.6726,7.0836,5.5905,8.9755,3.6206,2.6322,4.9801,64.4004,59.6597,69.5178,11.0042,10.3098,11.6986,9.2848,7.61,11.3282,33.3516,29.8471,37.2676
345,Salem,OR,118,23.1581,15.9869,33.5462,55.8823,44.0554,70.8842,3.9102,2.8074,5.0129,19.1919,12.751,28.8863,0.7235,0.1164,1.3306,,,,,,,67.2012,53.895,83.7924,12.342,10.3063,14.3776,,,,28.4984,20.0391,40.5289
346,Allentown,PA,1336,25.0063,22.427,27.8822,63.3763,59.1969,67.8508,5.4361,5.1064,5.7659,24.8445,22.2782,27.7064,1.014,0.8325,1.1955,8.1596,6.7187,9.9096,6.9523,5.6326,8.5813,55.5817,51.7065,59.7474,8.5643,7.9557,9.173,10.8238,9.1901,12.748,60.5774,56.5486,64.8932
347,Altoona,PA,295,28.9697,23.4427,35.7999,55.7649,47.8415,65.0005,4.4691,3.771,5.1673,21.1337,16.5034,27.063,0.7015,0.3171,1.0858,9.442,6.471,13.7769,,,,50.4192,42.9076,59.2459,8.965,7.6763,10.2537,6.3453,4.0452,9.9532,37.9958,31.6386,45.6305
350,Danville,PA,534,30.2289,25.8541,35.3439,62.5746,56.188,69.6871,4.7538,4.2345,5.2732,20.6905,17.1418,24.9738,0.695,0.4091,0.981,6.5632,4.6631,9.2376,4.7409,3.201,7.0217,42.5905,37.4183,48.4778,7.1744,6.2157,8.1331,5.7077,4.0116,8.1209,38.7824,33.7961,44.5042
351,Erie,PA,828,28.0367,24.6109,31.9394,58.7663,53.7298,64.2748,4.5787,4.1609,4.9964,18.178,15.4732,21.3556,0.6715,0.4415,0.9015,7.6212,5.9122,9.8242,3.6696,2.5634,5.2532,45.8826,41.4963,50.7325,7.8322,7.061,8.6034,6.68,5.1363,8.6876,37.6653,33.7036,42.0926
352,Harrisburg,PA,989,27.7954,24.6578,31.3323,59.119,54.4815,64.1512,5.0873,4.705,5.4696,23.0563,20.2148,26.2971,1.12,0.9095,1.3304,9.3114,7.5487,11.4858,6.3742,4.9637,8.1853,50.859,46.6078,55.498,8.6485,7.9428,9.3543,7.9282,6.3536,9.893,54.075,49.651,58.8932
354,Johnstown,PA,189,33.8948,26.3646,43.5758,64.3435,53.7116,77.0798,5.5467,4.675,6.4185,17.5596,12.4144,24.8373,0.7109,0.231,1.1909,10.9212,6.9623,17.1311,6.5424,3.6211,11.8206,40.7138,32.6054,50.8387,7.6074,5.9982,9.2166,,,,43.0234,34.7737,53.2303
355,Lancaster,PA,558,17.112,13.9606,20.9748,50.1313,44.5429,56.4208,4.6014,4.0934,5.1095,26.7545,22.7376,31.4809,1.5362,1.2564,1.8159,7.5914,5.5648,10.3561,5.9499,4.204,8.4208,69.2021,62.6455,76.4449,12.3158,11.3779,13.2537,10.2242,7.8805,13.265,55.9911,50.1038,62.5703
356,Philadelphia,PA,3023,31.31,29.3193,33.4359,62.2462,59.4303,65.1956,5.7118,5.4908,5.9328,33.0632,31.0122,35.2499,1.8539,1.7322,1.9756,11.9717,10.7684,13.3095,6.4014,5.4948,7.4577,56.2899,53.6434,59.0669,8.5168,8.1089,8.9247,10.6781,9.5333,11.9605,65.2417,62.3713,68.2441
357,Pittsburgh,PA,2765,29.2854,27.2759,31.4429,66.6854,63.6368,69.88,5.8607,5.6298,6.0916,27.4364,25.4993,29.5206,1.2923,1.1652,1.4195,10.3317,9.1504,11.6656,5.5359,4.6789,6.5499,50.0424,47.4529,52.7731,7.6275,7.2013,8.0537,8.937,7.8706,10.1479,56.1314,53.3685,59.0372
358,Reading,PA,628,30.1287,26.0737,34.8145,64.7142,58.6635,71.3891,5.9211,5.4419,6.4003,20.7268,17.4216,24.659,0.8638,0.5999,1.1276,10.1428,7.8686,13.0742,6.3502,4.635,8.7001,46.3091,41.2951,51.9318,6.872,5.9874,7.7566,8.6859,6.6631,11.3228,59.9742,54.1997,66.3638
359,Sayre,PA,239,25.5713,19.9311,32.8074,59.6946,50.7191,70.2586,4.834,4.0587,5.6093,18.597,13.8813,24.9148,0.7702,0.3434,1.1971,5.6198,3.2618,9.6823,4.8396,2.7468,8.5269,56.5455,47.7593,66.9481,8.6531,7.2219,10.0843,9.6979,6.4967,14.4766,34.6907,27.8572,43.2005
360,Scranton,PA,430,22.3246,18.2129,27.3645,61.8216,54.7333,69.8279,4.6605,4.082,5.2391,17.264,13.6985,21.7575,0.5052,0.1867,0.8237,7.7105,5.4192,10.9705,6.0605,4.1229,8.9088,62.7151,55.7085,70.6028,9.0269,7.959,10.0949,13.4525,10.3913,17.4155,47.2012,41.1591,54.1301
362,Wilkes-Barre,PA,350,25.4423,20.5635,31.4787,65.4761,57.3933,74.6971,5.5965,4.9555,6.2376,19.9691,15.7115,25.3805,0.7039,0.351,1.0568,9.8969,6.9944,14.0039,6.2107,4.0464,9.5327,55.8141,48.5625,64.1486,7.4418,6.2585,8.6251,12.3798,9.1746,16.7046,50.4383,43.6175,58.3258
363,York,PA,388,29.3383,24.3701,35.3195,62.4588,55.039,70.8788,5.0644,4.4555,5.6733,22.4005,18.1262,27.6826,0.9956,0.6604,1.3308,7.3066,5.008,10.6603,5.724,3.7662,8.6995,45.7998,39.5505,53.0366,7.854,6.73,8.9779,7.6503,5.3458,10.9481,46.8814,40.4943,54.2758
364,Providence,RI,866,28.5682,25.1479,32.4538,62.9321,57.8238,68.4917,5.3316,4.9232,5.74,16.6309,14.0773,19.6478,0.7163,0.4914,0.9411,8.7867,6.9341,11.1341,6.4693,4.9117,8.5209,53.869,49.2149,58.9633,7.7374,6.9835,8.4913,11.1185,9.1028,13.5805,52.5638,47.853,57.7384
365,Charleston,SC,914,34.9564,31.355,38.9715,59.5726,54.7596,64.8086,5.2774,4.8796,5.6753,24.142,21.1824,27.5152,1.1907,0.9717,1.4097,9.2675,7.5537,11.3702,7.8584,6.2479,9.8841,55.1257,50.4537,60.2304,10.0819,9.3475,10.8163,6.0538,4.6211,7.9307,43.0578,39.0333,47.4972
366,Columbia,SC,984,42.038,38.2318,46.2232,62.6513,57.9136,67.7766,6.4186,6.0349,6.8023,23.6542,20.8435,26.8439,1.2058,0.9946,1.417,8.7403,7.1606,10.6685,6.5361,5.1274,8.3319,47.6478,43.4526,52.248,8.2503,7.5421,8.9586,5.5799,4.2483,7.3289,30.673,27.3767,34.3661
367,Florence,SC,314,29.8195,24.4256,36.4045,60.5844,52.537,69.8644,5.2436,4.5663,5.9208,17.8259,13.7741,23.0695,0.9116,0.5388,1.2845,7.1412,4.8578,10.4979,4.2927,2.4903,7.3995,57.15,49.242,66.3279,10.7727,9.5225,12.0229,7.6395,5.0262,11.6114,35.0955,29.2206,42.1515
368,Greenville,SC,805,33.7703,30.0019,38.012,56.9385,51.9658,62.3872,5.5597,5.1362,5.9832,21.8905,18.9045,25.3481,1.0913,0.8582,1.3245,6.8305,5.2642,8.8629,6.295,4.791,8.271,58.2608,53.1816,63.825,11.3351,10.5533,12.1169,4.5092,3.2505,6.2552,47.3972,42.8232,52.4597
369,Spartanburg,SC,307,25.8517,20.7588,32.1941,54.6497,46.9937,63.5529,4.7319,4.0477,5.416,21.5473,16.9536,27.3855,1.1333,0.7567,1.51,4.6925,2.8277,7.787,3.6485,2.0708,6.4282,63.8196,55.4717,73.4237,12.3274,11.0645,13.5903,7.5407,5.0087,11.3526,42.3967,35.6423,50.4311
370,Rapid City,SD,170,18.5815,13.138,26.2804,51.355,41.7158,63.2215,3.5736,2.6547,4.4925,14.6134,9.8725,21.6311,0.7501,0.2442,1.256,,,,,,,60.1656,49.5921,72.9935,11.0138,9.3176,12.7101,6.219,3.4429,11.2336,34.4989,26.5446,44.8369
371,Sioux Falls,SD,834,22.2643,19.2619,25.7346,56.9232,52.044,62.2598,4.2831,3.8672,4.6989,14.4156,12.0404,17.2592,0.3945,0.1655,0.6234,3.4402,2.3581,5.0188,3.4648,2.4061,4.9894,51.0906,46.4708,56.1698,9.5824,8.8147,10.3501,6.7706,5.2308,8.7637,33.674,29.8428,37.997
373,Chattanooga,TN,646,21.7024,18.4233,25.5651,58.2025,52.6042,64.3966,4.6069,4.1342,5.0796,17.6792,14.7526,21.1864,0.6128,0.3526,0.873,5.0376,3.5967,7.0558,4.2885,2.9951,6.1403,66.1517,60.1094,72.8014,12.2085,11.336,13.0811,6.9183,5.161,9.2738,37.7757,33.3463,42.7934
374,Jackson,TN,429,34.1227,29.0154,40.1291,61.5053,54.4885,69.4258,5.4547,4.8753,6.0341,23.912,19.7209,28.9937,1.4826,1.1636,1.8016,7.6925,5.4922,10.7742,3.1589,1.8331,5.4438,47.5061,41.3752,54.5454,9.0134,7.9438,10.083,4.5238,2.8839,7.0962,31.3086,26.4386,37.0756
375,Johnson City,TN,259,42.6516,35.3679,51.4354,60.7109,51.9098,71.0041,5.6267,4.8819,6.3716,31.1193,24.9854,38.7591,2.0576,1.6475,2.4677,6.8837,4.2772,11.0787,5.0426,2.9261,8.6899,46.9707,39.3262,56.1011,9.2896,7.9145,10.6646,,,,51.8377,43.7206,61.4619
376,Kingsport,TN,457,33.1478,28.2768,38.8579,63.4814,56.5642,71.2445,5.1639,4.6025,5.7253,28.4187,23.9484,33.7235,1.2835,0.9744,1.5926,7.0293,4.9673,9.9473,5.0663,3.4199,7.5052,51.1968,45.0273,58.2115,9.1571,8.1208,10.1935,6.0102,4.1471,8.7105,40.3738,34.9673,46.6162
377,Knoxville,TN,1275,32.9054,29.9146,36.1953,61.8303,57.6503,66.3134,5.3825,5.045,5.72,22.5038,20.057,25.249,1.0654,0.8796,1.2512,8.1104,6.6899,9.8324,6.5824,5.3501,8.0986,49.8417,46.0748,53.9165,8.4962,7.8732,9.1192,6.5783,5.3126,8.1457,46.4467,42.8344,50.3638
379,Memphis,TN,1638,36.0979,33.3166,39.1113,64.5497,60.7537,68.583,5.8907,5.592,6.1895,24.3884,22.1244,26.884,1.1618,0.9974,1.3263,10.9145,9.4912,12.5513,7.883,6.61,9.4013,47.9037,44.6018,51.4502,8.5223,7.9709,9.0738,6.27,5.1267,7.6683,45.8348,42.645,49.2632
380,Nashville,TN,2082,31.6946,29.3542,34.2217,65.8632,62.4325,69.4824,5.276,5.0108,5.5411,24.6754,22.6235,26.9134,1.1861,1.0401,1.332,8.7887,7.6025,10.16,6.8233,5.798,8.0298,46.4126,43.5447,49.4693,7.647,7.1576,8.1364,6.3085,5.3085,7.4968,35.1831,32.7151,37.8372
382,Abilene,TX,371,22.5904,18.1878,28.0587,63.2719,55.6041,71.9971,5.5712,4.9485,6.194,22.9731,18.5424,28.4626,0.928,0.5852,1.2709,6.3816,4.2382,9.609,7.0093,4.768,10.3042,59.3077,51.9845,67.6625,9.0022,7.8527,10.1517,13.2159,9.9803,17.5004,27.0844,22.2997,32.8956
383,Amarillo,TX,343,17.8294,13.8684,22.9217,54.6758,47.365,63.1149,4.1716,3.5241,4.8192,15.7594,12.0659,20.5835,0.6018,0.2453,0.9584,7.7235,5.2555,11.3505,7.8208,5.3947,11.3379,70.049,61.7401,79.476,11.6332,10.4378,12.8286,12.3892,9.1811,16.7182,26.8623,21.8913,32.9621
385,Austin,TX,738,22.9508,19.7565,26.6615,58.318,53.0612,64.0956,4.3808,3.9387,4.8229,22.4786,19.314,26.1618,0.9701,0.7266,1.2135,7.0818,5.406,9.2771,7.7805,6.0209,10.0543,63.5495,58.0099,69.6181,10.5906,9.7745,11.4068,10.2048,8.1309,12.8077,47.2606,42.5253,52.5231
386,Beaumont,TX,547,30.1599,25.9018,35.118,64.7281,58.2795,71.8904,5.9673,5.4537,6.4808,32.5578,28.1357,37.6749,2.1465,1.8638,2.4292,10.9365,8.5503,13.9886,6.2185,4.4161,8.7565,54.6668,48.7454,61.3075,9.0499,8.1019,9.9978,7.3946,5.3984,10.1291,43.4186,38.3456,49.1627
388,Bryan,TX,153,31.3919,23.7863,41.4293,59.6106,48.6401,73.0555,4.2989,3.3303,5.2675,24.0278,17.4787,33.0308,1.1254,0.5921,1.6586,11.6561,7.4309,18.2838,6.9412,3.8416,12.5418,47.9426,38.0492,60.4085,9.0568,7.2687,10.8448,7.3147,4.0493,13.2132,33.3098,25.2409,43.9582
390,Corpus Christi,TX,381,30.0919,25.0141,36.2006,65.6249,57.8703,74.4187,5.8601,5.2454,6.4748,20.1489,16.1083,25.203,0.9028,0.5643,1.2412,11.5854,8.6138,15.5823,7.4099,5.1109,10.7432,51.2006,44.4673,58.9534,8.4647,7.3299,9.5995,5.8313,3.8372,8.8618,35.4684,30.1281,41.7552
391,Dallas,TX,2578,26.5173,24.593,28.5922,60.9952,58.0228,64.1199,5.1204,4.8818,5.359,24.7575,22.8969,26.7692,1.2194,1.0881,1.3508,8.9583,7.8756,10.1899,6.6985,5.766,7.7819,61.775,58.7661,64.938,10.0741,9.6336,10.5146,9.7837,8.6264,11.0963,45.6086,43.0451,48.3248
393,El Paso,TX,638,31.6413,27.5458,36.3458,62.9432,57.0622,69.4304,5.9386,5.4636,6.4137,29.1741,25.2379,33.7241,1.5415,1.2799,1.803,11.4812,9.1064,14.4753,4.8857,3.4882,6.8432,53.9865,48.5983,59.9722,9.0981,8.2211,9.9751,6.0531,4.4203,8.2892,42.2193,37.4326,47.618
394,Fort Worth,TX,1073,23.179,20.4858,26.2262,60.6176,56.1256,65.4692,4.6995,4.3322,5.0668,26.8483,23.9311,30.1211,1.2385,1.0363,1.4407,8.2282,6.6927,10.1158,7.407,5.9793,9.1757,67.8561,63.0536,73.0244,10.2865,9.6085,10.9645,13.2104,11.1927,15.5918,42.8653,39.117,46.9729
396,Harlingen,TX,372,37.5414,31.7007,44.4584,69.2394,61.1522,78.396,6.4611,5.8391,7.083,35.1177,29.5165,41.7818,2.43,2.0876,2.7724,16.6746,12.9072,21.5416,8.7489,6.1807,12.3843,48.4819,41.9325,56.0542,7.9816,6.8336,9.1297,6.1568,4.089,9.2703,49.0211,42.5676,56.453
397,Houston,TX,3341,26.5864,24.8828,28.4067,61.7232,59.072,64.4934,5.3069,5.0964,5.5175,28.5539,26.7769,30.4488,1.5834,1.4674,1.6993,10.4919,9.4569,11.6401,6.2958,5.4925,7.2166,60.8041,58.1566,63.5723,9.445,9.0563,9.8337,9.5224,8.4995,10.6684,49.5245,47.1735,51.9927
399,Longview,TX,207,23.0979,17.4015,30.659,56.7416,47.292,68.0794,4.6231,3.79,5.4562,30.8888,24.167,39.4801,1.8365,1.3778,2.2952,12.4547,8.535,18.1746,,,,66.8042,56.5255,78.952,12.3412,10.8033,13.8792,7.5162,4.529,12.4738,42.9547,34.9656,52.7693
400,Lubbock,TX,609,24.6701,21.0124,28.9644,56.8562,51.1401,63.2113,4.7669,4.2802,5.2535,19.7991,16.5595,23.6725,1.0774,0.8095,1.3453,5.9569,4.2937,8.2643,5.4067,3.8397,7.6131,67.138,60.9156,73.996,12.3427,11.4444,13.241,9.9667,7.7477,12.8214,32.7959,28.5875,37.6237
402,McAllen,TX,319,40.9495,34.4661,48.6525,69.3119,60.6241,79.2447,6.4444,5.7728,7.1159,41.0251,34.5484,48.7159,2.8287,2.459,3.1984,15.4844,11.6918,20.5072,8.962,6.259,12.8321,33.6053,27.799,40.6245,4.5274,3.2877,5.7671,6.8927,4.5356,10.4746,63.4575,55.672,72.3318
406,Odessa,TX,303,23.7348,18.864,29.8633,60.0004,51.9183,69.3408,5.4255,4.7367,6.1143,25.4845,20.4049,31.8285,1.3326,0.9534,1.7118,9.1976,6.3467,13.329,6.512,4.2424,9.9959,65.8982,57.3573,75.711,10.1341,8.8627,11.4055,11.008,7.8605,15.4158,25.4039,20.2537,31.8637
411,San Angelo,TX,139,18.0991,12.2276,26.79,46.298,36.3021,59.0464,3.5301,2.514,4.5463,14.4676,9.332,22.4294,0.6932,0.1338,1.2527,,,,,,,66.9207,54.6634,81.9264,13.2863,11.4106,15.1621,9.1617,5.3176,15.7847,22.8253,15.9566,32.6508
412,San Antonio,TX,1310,28.528,25.741,31.6167,63.7751,59.5398,68.3115,5.4922,5.1594,5.825,32.6165,29.6234,35.912,1.786,1.6028,1.9693,11.2118,9.5044,13.2259,10.7741,9.1172,12.7321,56.7316,52.7853,60.9728,9.1991,8.5847,9.8134,9.5637,8.0162,11.4099,45.1706,41.6894,48.9424
413,Temple,TX,179,22.1711,16.3209,30.1182,64.5449,53.8384,77.3806,4.4775,3.5818,5.3732,16.7935,11.8071,23.8857,0.6912,0.198,1.1843,8.0752,4.8659,13.4013,,,,67.1454,56.0919,80.3771,10.4839,8.8305,12.1374,12.7565,8.472,19.2079,38.7184,30.6242,48.9519
416,Tyler,TX,624,20.4634,17.2353,24.2961,61.846,55.9711,68.3375,4.5761,4.0952,5.0569,32.2929,28.1612,37.0308,1.7967,1.532,2.0614,7.5783,5.7384,10.008,7.3164,5.49,9.7503,64.4486,58.3835,71.1437,10.0234,9.1358,10.911,10.1028,7.8693,12.9701,38.5265,33.9669,43.6982
417,Victoria,TX,196,30.449,23.6832,39.1476,62.2163,52.0897,74.3115,6.2759,5.4197,7.132,25.4571,19.3397,33.5095,1.6478,1.1765,2.1192,9.2333,5.8139,14.6637,5.6926,3.1504,10.2862,47.3401,38.5403,58.1491,7.9084,6.3279,9.4888,6.5669,3.8112,11.3153,34.4214,27.2246,43.5207
418,Waco,TX,305,21.0367,16.4925,26.8329,59.249,51.2483,68.4986,4.5105,3.824,5.1969,17.8863,13.7283,23.3037,0.8937,0.5157,1.2716,8.5721,5.8753,12.5068,,,,64.9241,56.431,74.6955,11.1255,9.8583,12.3926,10.063,7.0321,14.4003,34.5474,28.4186,41.998
420,Wichita Falls,TX,242,19.8739,15.0588,26.2287,66.4925,56.9916,77.5773,5.1162,4.3456,5.8867,18.8027,14.1229,25.0334,0.693,0.2688,1.1172,5.5407,3.2799,9.3597,9.4551,6.3831,14.0055,61.4755,52.2886,72.2764,8.9951,7.5727,10.4175,13.97,9.9751,19.5647,29.8676,23.812,37.4632
421,Ogden,UT,146,12.5791,8.0225,19.7239,50.8973,40.7041,63.6431,3.5152,2.5237,4.5067,20.1119,14.0588,28.7712,0.8898,0.3439,1.4356,,,,,,,71.3114,58.779,86.5158,11.0801,9.2498,12.9103,9.1979,5.4453,15.5364,28.1881,20.5075,38.7454
422,Provo,UT,137,14.8781,9.5975,23.064,52.9581,42.0984,66.6193,3.4313,2.4079,4.4547,21.8374,15.1726,31.4298,0.8328,0.2694,1.3962,,,,,,,67.4348,55.0854,82.5528,12.4288,10.5397,14.318,9.3343,5.4184,16.0805,29.7139,21.6179,40.842
423,Salt Lake City,UT,781,19.3236,16.4951,22.6371,52.4147,47.6292,57.6811,3.4621,3.0325,3.8916,19.1895,16.3539,22.5169,0.6157,0.3792,0.8522,6.0458,4.5258,8.0764,4.8628,3.5774,6.61,60.8304,55.5903,66.5645,10.7274,9.9345,11.5203,9.27,7.3872,11.6326,28.1242,24.5186,32.2601
424,Burlington,VT,613,32.6792,28.428,37.5662,56.4823,50.8443,62.7453,4.6184,4.1336,5.1032,13.3196,10.7094,16.566,0.2908,0.0239,0.5578,6.6734,4.8728,9.1394,4.9846,3.522,7.0547,50.0722,44.7856,55.9828,8.9223,8.0273,9.8173,6.8308,5.0626,9.2165,33.9038,29.4849,38.9848
426,Arlington,VA,1029,28.3496,25.2543,31.8243,61.7624,57.1185,66.7838,5.4888,5.1139,5.8637,24.2408,21.3911,27.4702,1.2569,1.0505,1.4633,9.4259,7.7092,11.5248,6.3911,5.0059,8.1595,62.9041,58.2207,67.9643,10.1545,9.4625,10.8466,8.8201,7.167,10.8544,58.3753,53.8335,63.3003
427,Charlottesville,VA,546,27.393,23.3462,32.1412,58.0172,52.0029,64.727,4.1782,3.6647,4.6916,16.533,13.4577,20.311,0.624,0.3413,0.9067,6.7902,4.9169,9.3772,6.5043,4.6876,9.025,52.317,46.572,58.7707,10.1549,9.207,11.1027,5.9888,4.2553,8.4284,40.7252,35.5947,46.5954
428,Lynchburg,VA,284,35.2844,29.0232,42.8962,60.3048,51.9692,69.9774,4.8631,4.1518,5.5744,19.8893,15.3371,25.7927,0.5724,0.1808,0.964,5.4841,3.3583,8.9558,5.2502,3.1633,8.7138,42.2674,35.3108,50.5946,8.0694,6.7563,9.3824,,,,38.3544,31.5502,46.626
429,Newport News,VA,517,34.2495,29.5809,39.6548,61.9799,55.5621,69.1391,4.8187,4.2909,5.3465,21.9836,18.3033,26.4041,1.055,0.7645,1.3456,7.4876,5.509,10.1768,7.8472,5.7503,10.7086,44.1207,38.7186,50.2764,7.2803,6.306,8.2546,6.232,4.3803,8.8665,55.3554,49.2039,62.2758
430,Norfolk,VA,1151,33.0368,29.8881,36.5173,59.7601,55.4384,64.4188,5.1791,4.8239,5.5343,21.0866,18.6089,23.8942,0.979,0.7834,1.1745,8.8079,7.308,10.6157,6.142,4.8437,7.7883,48.5403,44.6182,52.8071,8.3399,7.6843,8.9956,6.2343,4.9105,7.9151,54.4027,50.2931,58.8481
431,Richmond,VA,1509,32.0876,29.344,35.0877,61.4574,57.6093,65.5626,5.3947,5.0841,5.7054,22.136,19.8834,24.6438,1.1244,0.9534,1.2954,7.5095,6.2792,8.9808,4.1321,3.2041,5.329,52.6568,49.0768,56.4979,8.9964,8.423,9.5699,7.3667,6.0825,8.9221,51.0157,47.4595,54.8383
432,Roanoke,VA,761,37.2018,33.1109,41.798,64.979,59.4696,70.9989,5.9428,5.5072,6.3784,27.0081,23.5612,30.9593,1.3821,1.1423,1.6219,8.1604,6.3688,10.4559,4.5984,3.3134,6.3817,45.7922,41.2001,50.8962,8.1848,7.3807,8.989,4.7524,3.4257,6.5929,42.0291,37.6916,46.8658
435,Winchester,VA,386,27.4551,22.728,33.1653,53.6789,46.8786,61.4657,3.7499,3.1394,4.3604,11.6784,8.7449,15.596,0.2656,-0.0705,0.6017,5.1842,3.3429,8.0396,5.359,3.5258,8.1453,59.9312,52.6673,68.1971,12.6743,11.5474,13.8013,4.5591,2.8711,7.2397,28.4492,23.5523,34.3642
437,Everett,WA,361,23.176,18.6853,28.7461,58.7225,51.3824,67.1111,4.1098,3.4788,4.7408,22.1407,17.7539,27.6115,0.7786,0.4313,1.126,7.9862,5.4743,11.6508,5.7559,3.7506,8.8335,49.6437,42.9063,57.4391,8.3085,7.1437,9.4732,8.3257,5.8523,11.8445,40.5724,34.2653,48.0403
438,Olympia,WA,256,33.0307,26.5964,41.0215,64.2443,55.1711,74.8097,4.5939,3.845,5.3428,25.4576,19.8825,32.5959,0.9243,0.512,1.3366,5.1263,2.9105,9.0291,12.6159,8.9626,17.7583,36.568,29.9348,44.671,6.6983,5.3158,8.0808,,,,32.1846,25.6224,40.4274
439,Seattle,WA,1647,29.042,26.5227,31.8005,59.5252,55.909,63.3753,4.3956,4.0987,4.6926,21.4866,19.3365,23.8758,0.7441,0.5806,0.9075,6.3776,5.2325,7.7733,5.5597,4.5211,6.837,48.5393,45.2838,52.0287,8.3617,7.8135,8.9098,6.4534,5.3389,7.8005,42.0589,38.9251,45.445
440,Spokane,WA,1227,25.1434,22.4747,28.1289,55.5515,51.5486,59.8653,4.0427,3.6992,4.3862,16.0998,13.9942,18.5223,0.5826,0.3935,0.7717,5.8131,4.5797,7.3788,5.4713,4.3232,6.9243,46.8648,43.1902,50.8519,8.509,7.8749,9.1431,5.4492,4.3003,6.9049,30.4297,27.374,33.8265
441,Tacoma,WA,455,28.4883,23.9309,33.9135,55.9936,49.454,63.398,4.3634,3.8009,4.926,26.3969,22.0285,31.6317,1.1036,0.7939,1.4133,9.6483,7.1249,13.0656,8.2527,5.9731,11.4024,55.0737,48.6639,62.3278,10.263,9.2245,11.3014,6.387,4.4357,9.1967,40.2453,34.87,46.4491
442,Yakima,WA,197,23.3734,17.5572,31.1163,56.321,46.8683,67.6803,3.891,3.0372,4.7448,24.5043,18.5143,32.4321,0.9479,0.4778,1.418,5.7456,3.1807,10.3788,6.7239,3.9796,11.3605,56.4922,46.8943,68.0544,9.3614,7.7852,10.9375,7.8308,4.7952,12.7882,31.869,24.6323,41.2318
443,Charleston,WV,1089,33.2733,30.0043,36.8985,66.309,61.5888,71.3909,5.6098,5.2446,5.975,24.0537,21.3159,27.143,1.0831,0.8821,1.2842,7.7203,6.2257,9.5737,4.1815,3.1372,5.5736,47.1542,43.2137,51.4539,8.4816,7.8074,9.1558,5.2687,4.0687,6.8226,36.8983,33.5198,40.6173
444,Huntington,WV,416,28.9947,24.2519,34.6649,64.4532,57.1523,72.6869,5.5065,4.9182,6.0949,15.466,12.1234,19.7302,0.6409,0.317,0.9648,7.3157,5.1113,10.4709,3.4384,2.0713,5.708,61.4085,54.2993,69.4485,10.1082,9.0221,11.1942,9.215,6.7273,12.6225,40.0179,34.4026,46.5498
445,Morgantown,WV,396,31.5086,26.3935,37.615,64.0772,56.5925,72.5517,5.8602,5.2573,6.4631,25.9792,21.3864,31.5583,1.3983,1.0664,1.7302,7.3735,5.0877,10.6863,7.3709,5.1171,10.6175,52.9459,46.2508,60.6102,9.4783,8.3654,10.5913,5.5017,3.6205,8.3604,38.1105,32.5626,44.6035
446,Appleton,WI,250,20.0902,15.2237,26.5122,52.5642,44.3429,62.3098,3.3079,2.55,4.0659,10.8878,7.4653,15.8794,0.1235,-0.2938,0.5407,,,,7.174,4.5732,11.2541,56.6408,48.0709,66.7385,10.4166,9.0175,11.8157,7.0258,4.4249,11.1555,29.2121,23.0677,36.9931
447,Green Bay,WI,505,24.5613,20.5614,29.3394,55.2623,49.1547,62.1289,4.1785,3.6447,4.7123,15.5846,12.4612,19.491,0.42,0.1261,0.7139,2.7861,1.6172,4.7998,7.2319,5.2124,10.034,52.1866,46.2778,58.8499,9.9003,8.9149,10.8857,4.8442,3.2718,7.1724,31.1276,26.488,36.5798
448,La Crosse,WI,259,17.8055,13.2913,23.8529,48.9513,41.1302,58.2595,3.3035,2.5587,4.0484,11.7672,8.2256,16.8338,0.2837,-0.1263,0.6938,5.0254,2.8529,8.8522,,,,53.0786,44.9406,62.6903,10.2697,8.8948,11.6447,7.1606,4.5652,11.2316,25.638,20.0626,32.7629
449,Madison,WI,810,20.4142,17.5103,23.7996,53.7428,48.9405,59.0164,3.7431,3.3209,4.1652,13.0469,10.7712,15.8033,0.381,0.1486,0.6134,3.6642,2.5286,5.3097,4.3861,3.1464,6.1141,58.3704,53.3436,63.8707,11.3196,10.5404,12.0988,5.755,4.3339,7.6421,24.8172,21.5203,28.6194
450,Marshfield,WI,416,24.3466,20.0075,29.6268,57.7014,50.8612,65.4616,4.6925,4.1045,5.2805,10.7092,7.9676,14.3942,0.4052,0.0815,0.7289,4.8603,3.0989,7.623,5.4527,3.621,8.2109,52.5855,46.0808,60.0085,9.8111,8.7257,10.8965,3.9793,2.4728,6.4036,45.5662,39.36,52.751
451,Milwaukee,WI,2363,23.7919,21.8793,25.8716,60.1842,57.109,63.4249,4.8854,4.6368,5.1341,19.252,17.5394,21.1317,0.7967,0.6599,0.9336,7.9577,6.8753,9.2104,6.7526,5.7646,7.9099,59.9924,56.9299,63.2196,9.4746,9.0157,9.9336,9.9995,8.7892,11.3765,45.7899,43.0791,48.6713
452,Neenah,WI,238,21.6242,16.5171,28.3104,57.2284,48.4861,67.547,3.9631,3.1865,4.7398,12.3974,8.6665,17.7345,0.3433,-0.0843,0.7709,,,,7.2611,4.6286,11.3907,65.5584,56.0012,76.7467,11.1176,9.6838,12.5513,6.5337,4.0014,10.6685,32.9671,26.285,41.3478
456,Wausau,WI,201,29.8561,23.176,38.4617,61.1124,51.2054,72.9362,4.5578,3.7126,5.403,18.3891,13.3205,25.3866,0.6069,0.1416,1.0722,6.6884,3.8822,11.5231,7.5493,4.622,12.3305,59.8051,50.0364,71.481,10.8985,9.3382,12.4587,7.7908,4.7709,12.7221,30.0866,23.4042,38.677
457,Casper,WY,192,29.8915,23.103,38.6747,62.3336,52.1904,74.4483,4.0134,3.1486,4.8782,15.5261,10.8531,22.2111,0.6551,0.179,1.1312,8.1044,4.8838,13.4489,,,,40.9752,32.8619,51.0917,8.6916,7.0952,10.288,,,,14.3946,9.7995,21.1446
999,United States,US,235821,28.8185,,,61.2583,,,5.0529,,,23.6904,,,1.3158,,,9.1527,,,6.0024,,,54.5749,,,8.6869,,,8.3356,,,46.1668,,
